game.id,game_date,visitor_score,home_score,visitor_code,home_code
14045,2024-10-04T16:00:00.000Z,107.0,103.0,BOS,DEN
14046,2024-10-05T02:30:00.000Z,124.0,107.0,MIN,LAL
14047,2024-10-05T23:00:00.000Z,91.0,90.0,GSW,LAC
14048,2024-10-06T14:00:00.000Z,104.0,130.0,DEN,BOS
14049,2024-10-06T23:00:00.000Z,111.0,109.0,NYK,CHA
14050,2024-10-06T23:30:00.000Z,98.0,125.0,WAS,TOR
14051,2024-10-07T00:00:00.000Z,87.0,120.0,MIL,DET
14052,2024-10-07T01:30:00.000Z,118.0,114.0,PHX,LAL
14053,2024-10-07T17:30:00.000Z,104.0,106.0,ORL,NOP
14054,2024-10-08T00:00:00.000Z,121.0,116.0,MEM,DAL
14055,2024-10-08T00:00:00.000Z,112.0,107.0,OKC,SAS
14056,2024-10-08T01:00:00.000Z,113.0,122.0,HOU,UTA
14057,2024-10-08T23:00:00.000Z,108.0,111.0,MIA,CHA
14058,2024-10-08T23:00:00.000Z,116.0,112.0,CHI,CLE
14059,2024-10-08T23:00:00.000Z,105.0,97.0,PHX,DET
14060,2024-10-08T23:30:00.000Z,130.0,131.0,IND,ATL
14061,2024-10-09T02:30:00.000Z,106.0,115.0,BKN,LAC
14062,2024-10-09T23:30:00.000Z,94.0,117.0,WAS,NYK
14063,2024-10-10T00:00:00.000Z,122.0,113.0,HOU,OKC
14064,2024-10-10T00:00:00.000Z,97.0,107.0,ORL,SAS
14065,2024-10-10T02:30:00.000Z,122.0,112.0,GSW,SAC
14066,2024-10-10T23:00:00.000Z,129.0,117.0,IND,CLE
14067,2024-10-16T23:30:00.000Z,111.0,120.0,ATL,MIA
14068,2024-10-11T00:00:00.000Z,107.0,102.0,UTA,DAL
14069,2024-10-11T00:00:00.000Z,119.0,94.0,CHA,MEM
14070,2024-10-11T00:00:00.000Z,107.0,102.0,LAL,MIL
14071,2024-10-11T23:00:00.000Z,0.0,0.0,NOP,ORL
14072,2024-10-11T23:00:00.000Z,95.0,113.0,TOR,WAS
14073,2024-10-11T23:00:00.000Z,111.0,121.0,PHI,MIN
14074,2024-10-12T02:00:00.000Z,106.0,109.0,SAC,GSW
14075,2024-10-12T02:00:00.000Z,109.0,91.0,DET,PHX
14076,2024-10-12T02:30:00.000Z,99.0,101.0,POR,LAC
14077,2024-10-13T00:00:00.000Z,89.0,139.0,PHI,BOS
14078,2024-10-13T00:00:00.000Z,124.0,121.0,MEM,CHI
14079,2024-10-13T00:00:00.000Z,120.0,126.0,UTA,SAS
14080,2024-10-13T19:30:00.000Z,99.0,101.0,NOP,MIA
14081,2024-10-13T22:00:00.000Z,110.0,115.0,MIN,NYK
14082,2024-10-13T22:00:00.000Z,105.0,85.0,POR,SAC
14083,2024-10-13T23:00:00.000Z,111.0,115.0,TOR,BOS
14084,2024-10-14T00:30:00.000Z,118.0,114.0,PHX,DEN
14085,2024-10-14T00:30:00.000Z,93.0,111.0,DET,GSW
14086,2024-10-14T23:00:00.000Z,120.0,116.0,MEM,IND
14087,2024-10-14T23:30:00.000Z,104.0,89.0,PHI,ATL
14088,2024-10-14T23:30:00.000Z,92.0,131.0,WAS,BKN
14089,2024-10-15T00:00:00.000Z,107.0,111.0,CHI,MIL
14090,2024-10-15T02:30:00.000Z,96.0,110.0,DAL,LAC
14091,2024-10-15T23:00:00.000Z,118.0,119.0,BOS,TOR
14092,2024-10-15T23:30:00.000Z,117.0,120.0,SAS,MIA
14093,2024-10-15T23:30:00.000Z,105.0,111.0,CHA,NYK
14094,2024-10-16T00:00:00.000Z,98.0,118.0,NOP,HOU
14095,2024-10-16T01:00:00.000Z,124.0,94.0,OKC,DEN
14096,2024-10-16T01:00:00.000Z,114.0,117.0,SAC,UTA
14097,2024-10-16T02:00:00.000Z,111.0,97.0,GSW,LAL
14098,2024-10-16T23:00:00.000Z,92.0,108.0,CLE,DET
14099,2024-10-16T23:00:00.000Z,95.0,117.0,BKN,PHI
14100,2024-10-17T00:00:00.000Z,123.0,125.0,MIN,CHI
14101,2024-10-17T23:00:00.000Z,116.0,121.0,CHA,IND
14102,2024-10-17T23:30:00.000Z,84.0,109.0,MIL,DAL
14103,2024-10-18T00:00:00.000Z,107.0,129.0,SAS,HOU
14104,2024-10-18T00:00:00.000Z,99.0,104.0,ATL,OKC
14105,2024-10-18T02:00:00.000Z,128.0,122.0,LAL,PHX
14106,2024-10-18T02:30:00.000Z,91.0,113.0,SAC,LAC
14107,2024-10-18T23:00:00.000Z,99.0,114.0,PHI,ORL
14108,2024-10-18T23:00:00.000Z,117.0,118.0,NYK,WAS
14109,2024-10-18T23:30:00.000Z,116.0,112.0,TOR,BKN
14110,2024-10-19T00:00:00.000Z,137.0,139.0,CLE,CHI
14111,2024-10-19T00:00:00.000Z,114.0,109.0,MIA,MEM
14112,2024-10-18T00:00:00.000Z,132.0,126.0,DEN,MIN
14113,2024-10-19T02:00:00.000Z,86.0,124.0,UTA,POR
14114,2024-10-19T02:30:00.000Z,74.0,132.0,LAL,GSW
14115,2024-10-22T23:30:00.000Z,109.0,132.0,NYK,BOS
14116,2024-10-23T02:00:00.000Z,103.0,110.0,MIN,LAL
14117,2024-10-23T23:00:00.000Z,115.0,109.0,IND,DET
14118,2024-10-23T23:30:00.000Z,116.0,120.0,BKN,ATL
14119,2024-10-23T23:30:00.000Z,116.0,97.0,ORL,MIA
14120,2024-10-23T23:30:00.000Z,124.0,109.0,MIL,PHI
14121,2024-10-23T23:30:00.000Z,136.0,106.0,CLE,TOR
14122,2024-10-24T00:00:00.000Z,110.0,105.0,CHA,HOU
14123,2024-10-24T00:00:00.000Z,111.0,123.0,CHI,NOP
14124,2024-10-24T01:00:00.000Z,126.0,124.0,MEM,UTA
14125,2024-10-24T02:00:00.000Z,116.0,113.0,PHX,LAC
14126,2024-10-24T02:00:00.000Z,139.0,104.0,GSW,POR
14127,2024-10-24T23:00:00.000Z,122.0,102.0,BOS,WAS
14128,2024-10-24T23:30:00.000Z,109.0,120.0,SAS,DAL
14129,2024-10-25T02:00:00.000Z,102.0,87.0,OKC,DEN
14130,2024-10-25T02:00:00.000Z,117.0,115.0,MIN,SAC
14131,2024-10-25T23:00:00.000Z,101.0,116.0,BKN,ORL
14132,2024-10-25T23:00:00.000Z,107.0,115.0,PHI,TOR
14133,2024-10-25T23:30:00.000Z,120.0,125.0,CHA,ATL
14134,2024-10-25T23:30:00.000Z,101.0,113.0,DET,CLE
14135,2024-10-25T23:30:00.000Z,98.0,123.0,IND,NYK
14136,2024-10-26T00:00:00.000Z,108.0,128.0,MEM,HOU
14137,2024-10-26T00:00:00.000Z,133.0,122.0,CHI,MIL
14138,2024-10-26T01:30:00.000Z,127.0,86.0,GSW,UTA
14139,2024-10-26T02:00:00.000Z,116.0,123.0,PHX,LAL
14140,2024-10-26T02:00:00.000Z,105.0,103.0,NOP,POR
14141,2024-10-26T21:00:00.000Z,109.0,104.0,LAC,DEN
14142,2024-10-26T23:00:00.000Z,114.0,106.0,MIA,CHA
14143,2024-10-26T23:00:00.000Z,124.0,118.0,BOS,DET
14144,2024-10-26T23:00:00.000Z,135.0,116.0,CLE,WAS
14145,2024-10-27T00:00:00.000Z,114.0,95.0,OKC,CHI
14146,2024-10-27T00:00:00.000Z,111.0,124.0,ORL,MEM
14147,2024-10-27T00:00:00.000Z,101.0,112.0,TOR,MIN
14148,2024-10-27T00:30:00.000Z,106.0,109.0,HOU,SAS
14149,2024-10-27T02:00:00.000Z,102.0,114.0,DAL,PHX
14150,2024-10-27T02:30:00.000Z,127.0,131.0,SAC,LAL
14151,2024-10-27T19:30:00.000Z,118.0,114.0,PHI,IND
14152,2024-10-27T22:00:00.000Z,102.0,115.0,MIL,BKN
14153,2024-10-27T22:00:00.000Z,103.0,125.0,NOP,POR
14154,2024-10-27T23:00:00.000Z,104.0,128.0,ATL,OKC
14155,2024-10-28T00:30:00.000Z,112.0,104.0,LAC,GSW
14156,2024-10-28T23:00:00.000Z,115.0,119.0,IND,ORL
14157,2024-10-28T23:30:00.000Z,121.0,119.0,WAS,ATL
14158,2024-10-28T23:30:00.000Z,108.0,119.0,MIL,BOS
14159,2024-10-28T23:30:00.000Z,98.0,106.0,DET,MIA
14160,2024-10-28T23:30:00.000Z,110.0,104.0,CLE,NYK
14161,2024-10-28T23:30:00.000Z,127.0,125.0,DEN,TOR
14162,2024-10-29T00:00:00.000Z,126.0,123.0,CHI,MEM
14163,2024-10-29T00:00:00.000Z,106.0,101.0,HOU,SAS
14164,2024-10-29T00:30:00.000Z,102.0,110.0,UTA,DAL
14165,2024-10-29T02:00:00.000Z,105.0,109.0,LAL,PHX
14166,2024-10-29T02:00:00.000Z,98.0,111.0,POR,SAC
14167,2024-10-29T23:30:00.000Z,144.0,139.0,DEN,BKN
14168,2024-10-29T23:30:00.000Z,120.0,114.0,DAL,MIN
14169,2024-10-30T01:00:00.000Z,113.0,96.0,SAC,UTA
14170,2024-10-30T02:00:00.000Z,106.0,124.0,NOP,GSW
14171,2024-10-30T23:00:00.000Z,133.0,138.0,TOR,CHA
14172,2024-10-30T23:00:00.000Z,110.0,134.0,LAL,CLE
14173,2024-10-30T23:00:00.000Z,132.0,135.0,BOS,IND
14174,2024-10-30T23:00:00.000Z,105.0,95.0,DET,PHI
14175,2024-10-30T23:00:00.000Z,120.0,133.0,ATL,WAS
14176,2024-10-30T23:30:00.000Z,116.0,107.0,NYK,MIA
14177,2024-10-31T00:00:00.000Z,99.0,102.0,ORL,CHI
14178,2024-10-31T00:00:00.000Z,119.0,106.0,BKN,MEM
14179,2024-10-31T01:30:00.000Z,93.0,105.0,SAS,OKC
14180,2024-10-31T02:00:00.000Z,89.0,104.0,NOP,GSW
14181,2024-10-31T02:30:00.000Z,106.0,105.0,POR,LAC
14182,2024-11-01T00:00:00.000Z,99.0,122.0,MIL,MEM
14183,2024-11-01T00:30:00.000Z,108.0,102.0,HOU,DAL
14184,2024-11-01T01:00:00.000Z,106.0,88.0,SAS,UTA
14185,2024-11-01T02:30:00.000Z,125.0,119.0,PHX,LAC
14186,2024-11-01T23:00:00.000Z,124.0,109.0,BOS,CHA
14187,2024-11-01T23:00:00.000Z,109.0,120.0,ORL,CLE
14188,2024-11-01T23:00:00.000Z,128.0,98.0,NYK,DET
14189,2024-11-01T23:30:00.000Z,123.0,115.0,SAC,ATL
14190,2024-11-01T23:30:00.000Z,112.0,120.0,CHI,BKN
14191,2024-11-01T23:30:00.000Z,131.0,125.0,LAL,TOR
14192,2024-11-02T00:00:00.000Z,118.0,125.0,IND,NOP
14193,2024-11-02T01:30:00.000Z,116.0,119.0,DEN,MIN
14194,2024-11-02T02:00:00.000Z,137.0,114.0,OKC,POR
14195,2024-11-02T22:00:00.000Z,113.0,103.0,BOS,CHA
14196,2024-11-02T23:30:00.000Z,124.0,107.0,MEM,PHI
14197,2024-11-02T23:30:00.000Z,128.0,131.0,SAC,TOR
14198,2024-11-03T00:00:00.000Z,127.0,121.0,GSW,HOU
14199,2024-11-03T00:00:00.000Z,114.0,113.0,CLE,MIL
14200,2024-11-03T00:00:00.000Z,103.0,113.0,MIN,SAS
14201,2024-11-03T01:30:00.000Z,118.0,98.0,MIA,WAS
14202,2024-11-03T02:00:00.000Z,103.0,129.0,UTA,DEN
14203,2024-11-03T02:00:00.000Z,97.0,103.0,POR,PHX
14204,2024-11-03T02:30:00.000Z,105.0,92.0,OKC,LAC
14205,2024-11-03T20:30:00.000Z,106.0,92.0,DET,BKN
14206,2024-11-04T00:00:00.000Z,126.0,111.0,ATL,NOP
14207,2024-11-04T00:30:00.000Z,85.0,108.0,ORL,DAL
14208,2024-11-05T00:00:00.000Z,114.0,116.0,MIL,CLE
14209,2024-11-05T00:15:00.000Z,125.0,112.0,GSW,WAS
14210,2024-11-05T00:30:00.000Z,103.0,115.0,LAL,DET
14211,2024-11-05T00:45:00.000Z,123.0,93.0,BOS,ATL
14212,2024-11-05T01:00:00.000Z,104.0,106.0,MEM,BKN
14213,2024-11-05T01:15:00.000Z,111.0,110.0,SAC,MIA
14214,2024-11-05T01:30:00.000Z,135.0,126.0,UTA,CHI
14215,2024-11-05T01:45:00.000Z,97.0,109.0,NYK,HOU
14216,2024-11-05T02:00:00.000Z,93.0,114.0,CHA,MIN
14217,2024-11-05T02:15:00.000Z,86.0,102.0,ORL,OKC
14218,2024-11-05T02:30:00.000Z,118.0,100.0,POR,NOP
14219,2024-11-05T02:45:00.000Z,134.0,127.0,IND,DAL
14220,2024-11-05T03:00:00.000Z,119.0,121.0,TOR,DEN
14221,2024-11-05T03:15:00.000Z,116.0,118.0,PHI,PHX
14222,2024-11-05T03:30:00.000Z,104.0,113.0,SAS,LAC
14223,2024-11-07T00:00:00.000Z,107.0,108.0,DET,CHA
14224,2024-11-07T00:00:00.000Z,111.0,118.0,ORL,IND
14225,2024-11-07T00:30:00.000Z,116.0,121.0,NYK,ATL
14226,2024-11-07T00:30:00.000Z,118.0,112.0,GSW,BOS
14227,2024-11-07T01:00:00.000Z,100.0,127.0,SAS,HOU
14228,2024-11-07T01:00:00.000Z,114.0,131.0,LAL,MEM
14229,2024-11-07T01:00:00.000Z,131.0,122.0,CLE,NOP
14230,2024-11-07T01:30:00.000Z,99.0,119.0,CHI,DAL
14231,2024-11-07T02:00:00.000Z,122.0,124.0,OKC,DEN
14232,2024-11-07T02:00:00.000Z,112.0,115.0,MIA,PHX
14233,2024-11-07T03:00:00.000Z,98.0,110.0,PHI,LAC
14234,2024-11-07T03:00:00.000Z,107.0,122.0,TOR,SAC
14235,2024-11-08T01:00:00.000Z,135.0,119.0,MIN,CHI
14236,2024-11-08T01:00:00.000Z,100.0,123.0,UTA,MIL
14237,2024-11-08T01:00:00.000Z,105.0,118.0,POR,SAS
14238,2024-11-09T00:00:00.000Z,83.0,103.0,IND,CHA
14239,2024-11-09T00:00:00.000Z,121.0,122.0,ATL,DET
14240,2024-11-09T00:00:00.000Z,88.0,115.0,NOP,ORL
14241,2024-11-09T00:30:00.000Z,104.0,108.0,BKN,BOS
14242,2024-11-09T00:30:00.000Z,117.0,136.0,GSW,CLE
14243,2024-11-09T00:30:00.000Z,94.0,116.0,MIL,NYK
14244,2024-11-09T00:30:00.000Z,114.0,113.0,PHX,DAL
14245,2024-11-09T01:00:00.000Z,104.0,128.0,WAS,MEM
14246,2024-11-09T01:00:00.000Z,107.0,126.0,HOU,OKC
14247,2024-11-09T02:00:00.000Z,102.0,127.0,POR,MIN
14248,2024-11-09T02:00:00.000Z,122.0,135.0,MIA,DEN
14249,2024-11-09T03:00:00.000Z,106.0,116.0,PHI,LAL
14250,2024-11-09T03:00:00.000Z,107.0,98.0,LAC,SAC
14251,2024-11-09T22:00:00.000Z,111.0,110.0,UTA,SAS
14252,2024-11-10T00:30:00.000Z,125.0,113.0,CHI,ATL
14253,2024-11-10T00:30:00.000Z,100.0,105.0,BKN,CLE
14254,2024-11-10T03:30:00.000Z,103.0,105.0,TOR,LAC
14255,2024-11-10T20:00:00.000Z,101.0,99.0,HOU,DET
14256,2024-11-10T20:30:00.000Z,113.0,107.0,BOS,MIL
14257,2024-11-10T22:00:00.000Z,121.0,132.0,NYK,IND
14258,2024-11-10T23:00:00.000Z,94.0,121.0,WAS,ORL
14259,2024-11-11T00:00:00.000Z,105.0,107.0,CHA,PHI
14260,2024-11-11T00:00:00.000Z,95.0,94.0,MIA,MIN
14261,2024-11-11T00:00:00.000Z,127.0,116.0,GSW,OKC
14262,2024-11-11T01:00:00.000Z,120.0,122.0,DAL,DEN
14263,2024-11-11T01:00:00.000Z,127.0,118.0,SAC,PHX
14264,2024-11-11T02:00:00.000Z,134.0,89.0,MEM,POR
14265,2024-11-11T02:30:00.000Z,103.0,123.0,TOR,LAL
14266,2024-11-12T01:00:00.000Z,119.0,113.0,CLE,CHI
14267,2024-11-12T01:00:00.000Z,92.0,107.0,WAS,HOU
14268,2024-11-12T01:00:00.000Z,107.0,105.0,BKN,NOP
14269,2024-11-12T01:00:00.000Z,128.0,134.0,LAC,OKC
14270,2024-11-12T01:00:00.000Z,96.0,116.0,SAC,SAS
14271,2024-11-13T00:00:00.000Z,117.0,116.0,ATL,BOS
14272,2024-11-13T00:00:00.000Z,121.0,123.0,MIA,DET
14273,2024-11-13T00:00:00.000Z,89.0,114.0,CHA,ORL
14274,2024-11-13T00:30:00.000Z,111.0,99.0,NYK,PHI
14275,2024-11-13T01:00:00.000Z,85.0,99.0,TOR,MIL
14276,2024-11-13T02:00:00.000Z,120.0,112.0,PHX,UTA
14277,2024-11-13T03:00:00.000Z,117.0,120.0,DAL,GSW
14278,2024-11-13T03:00:00.000Z,108.0,122.0,MIN,POR
14279,2024-11-14T00:00:00.000Z,90.0,94.0,IND,ORL
14280,2024-11-14T00:30:00.000Z,139.0,114.0,BOS,BKN
14281,2024-11-14T00:30:00.000Z,124.0,123.0,CHI,NYK
14282,2024-11-14T00:30:00.000Z,114.0,106.0,CLE,PHI
14283,2024-11-14T00:30:00.000Z,88.0,106.0,NOP,OKC
14284,2024-11-14T01:00:00.000Z,103.0,111.0,LAC,HOU
14285,2024-11-14T01:00:00.000Z,120.0,127.0,DET,MIL
14286,2024-11-14T01:00:00.000Z,130.0,139.0,WAS,SAS
14287,2024-11-14T03:00:00.000Z,123.0,128.0,MEM,LAL
14288,2024-11-14T03:00:00.000Z,98.0,106.0,MIN,POR
14289,2024-11-14T03:00:00.000Z,104.0,127.0,PHX,SAC
14290,2024-11-15T02:00:00.000Z,113.0,115.0,DAL,UTA
14291,2024-11-16T00:00:00.000Z,124.0,111.0,MIA,IND
14292,2024-11-16T00:00:00.000Z,86.0,98.0,PHI,ORL
14293,2024-11-16T00:00:00.000Z,99.0,95.0,DET,TOR
14294,2024-11-16T00:30:00.000Z,117.0,129.0,WAS,ATL
14295,2024-11-16T00:30:00.000Z,126.0,144.0,CHI,CLE
14296,2024-11-16T00:30:00.000Z,122.0,124.0,BKN,NYK
14297,2024-11-16T00:30:00.000Z,120.0,115.0,LAL,SAS
14298,2024-11-16T01:00:00.000Z,104.0,125.0,LAC,HOU
14299,2024-11-16T01:00:00.000Z,94.0,101.0,DEN,NOP
14300,2024-11-16T01:00:00.000Z,83.0,99.0,PHX,OKC
14301,2024-11-16T03:00:00.000Z,118.0,123.0,MEM,GSW
14302,2024-11-16T03:00:00.000Z,130.0,126.0,MIN,SAC
14303,2024-11-16T20:00:00.000Z,114.0,115.0,MIL,CHA
14304,2024-11-17T01:00:00.000Z,123.0,126.0,TOR,BOS
14305,2024-11-17T01:00:00.000Z,104.0,99.0,LAL,NOP
14306,2024-11-17T01:30:00.000Z,93.0,110.0,SAS,DAL
14307,2024-11-17T03:00:00.000Z,117.0,121.0,UTA,SAC
14308,2024-11-17T20:30:00.000Z,117.0,120.0,PHX,MIN
14309,2024-11-17T22:00:00.000Z,110.0,119.0,MIA,IND
14310,2024-11-17T23:00:00.000Z,114.0,128.0,CHA,CLE
14311,2024-11-17T23:00:00.000Z,124.0,104.0,DET,WAS
14312,2024-11-17T23:00:00.000Z,90.0,105.0,DEN,MEM
14313,2024-11-17T23:00:00.000Z,110.0,114.0,ATL,POR
14314,2024-11-18T00:00:00.000Z,104.0,114.0,BKN,NYK
14315,2024-11-18T00:00:00.000Z,143.0,107.0,HOU,CHI
14316,2024-11-18T00:00:00.000Z,121.0,119.0,DAL,OKC
14317,2024-11-18T02:00:00.000Z,105.0,116.0,UTA,LAC
14318,2024-11-19T00:00:00.000Z,122.0,112.0,CHI,DET
14319,2024-11-19T00:30:00.000Z,89.0,106.0,PHI,MIA
14320,2024-11-19T00:30:00.000Z,106.0,134.0,WAS,NYK
14321,2024-11-19T00:30:00.000Z,119.0,130.0,IND,TOR
14322,2024-11-19T01:00:00.000Z,100.0,101.0,HOU,MIL
14323,2024-11-19T02:00:00.000Z,109.0,99.0,ORL,PHX
14324,2024-11-19T03:00:00.000Z,109.0,108.0,ATL,SAC
14325,2024-11-19T03:30:00.000Z,99.0,102.0,GSW,LAC
14326,2024-11-20T00:00:00.000Z,117.0,120.0,CLE,BOS
14327,2024-11-20T00:30:00.000Z,115.0,116.0,CHA,BKN
14328,2024-11-20T01:00:00.000Z,122.0,110.0,DEN,MEM
14329,2024-11-20T01:30:00.000Z,91.0,132.0,NOP,DAL
14330,2024-11-20T02:30:00.000Z,104.0,110.0,OKC,SAS
14331,2024-11-20T03:30:00.000Z,118.0,124.0,UTA,LAL
14332,2024-11-21T00:30:00.000Z,100.0,128.0,NOP,CLE
14333,2024-11-21T00:30:00.000Z,106.0,122.0,CHI,MIL
14334,2024-11-21T01:00:00.000Z,113.0,130.0,IND,HOU
14335,2024-11-21T01:00:00.000Z,111.0,117.0,PHI,MEM
14336,2024-11-21T01:00:00.000Z,99.0,109.0,POR,OKC
14337,2024-11-21T03:00:00.000Z,138.0,122.0,NYK,PHX
14338,2024-11-21T03:00:00.000Z,97.0,120.0,ATL,GSW
14339,2024-11-21T03:30:00.000Z,93.0,104.0,ORL,LAC
14340,2024-11-22T00:00:00.000Z,121.0,123.0,DET,CHA
14341,2024-11-22T00:30:00.000Z,105.0,110.0,MIN,TOR
14342,2024-11-22T01:00:00.000Z,118.0,126.0,UTA,SAS
14343,2024-11-22T03:30:00.000Z,119.0,118.0,ORL,LAL
14344,2024-11-23T00:00:00.000Z,98.0,113.0,BKN,PHI
14345,2024-11-23T00:00:00.000Z,108.0,96.0,BOS,WAS
14346,2024-11-23T00:30:00.000Z,117.0,129.0,IND,MIL
14347,2024-11-23T01:00:00.000Z,122.0,136.0,ATL,CHI
14348,2024-11-23T01:00:00.000Z,88.0,116.0,POR,HOU
14349,2024-11-23T01:00:00.000Z,112.0,108.0,GSW,NOP
14350,2024-11-23T03:00:00.000Z,123.0,120.0,DAL,DEN
14351,2024-11-23T03:30:00.000Z,88.0,104.0,SAC,LAC
14352,2024-11-23T22:00:00.000Z,106.0,121.0,NYK,UTA
14353,2024-11-24T00:00:00.000Z,100.0,111.0,DET,ORL
14354,2024-11-24T01:00:00.000Z,142.0,131.0,MEM,CHI
14355,2024-11-24T01:00:00.000Z,104.0,98.0,POR,HOU
14356,2024-11-24T01:00:00.000Z,119.0,125.0,CHA,MIL
14357,2024-11-24T01:30:00.000Z,94.0,104.0,GSW,SAS
14358,2024-11-24T03:30:00.000Z,127.0,102.0,DEN,LAL
14359,2024-11-24T20:30:00.000Z,105.0,107.0,MIN,BOS
14360,2024-11-24T22:00:00.000Z,103.0,115.0,WAS,IND
14361,2024-11-24T23:00:00.000Z,118.0,123.0,DAL,MIA
14362,2024-11-24T23:00:00.000Z,125.0,99.0,LAC,PHI
14363,2024-11-25T00:30:00.000Z,108.0,122.0,TOR,CLE
14364,2024-11-25T02:00:00.000Z,108.0,103.0,BKN,SAC
14365,2024-11-26T00:00:00.000Z,95.0,84.0,ORL,CHA
14366,2024-11-26T00:00:00.000Z,100.0,102.0,TOR,DET
14367,2024-11-26T00:00:00.000Z,110.0,114.0,NOP,IND
14368,2024-11-26T00:30:00.000Z,129.0,119.0,DAL,ATL
14369,2024-11-26T00:30:00.000Z,94.0,126.0,LAC,BOS
14370,2024-11-26T01:00:00.000Z,98.0,123.0,POR,MEM
14371,2024-11-26T02:00:00.000Z,145.0,118.0,NYK,DEN
14372,2024-11-26T03:00:00.000Z,128.0,120.0,BKN,GSW
14373,2024-11-26T03:00:00.000Z,130.0,109.0,OKC,SAC
14374,2024-11-27T00:00:00.000Z,127.0,108.0,CHI,WAS
14375,2024-11-27T00:30:00.000Z,106.0,103.0,MIL,MIA
14376,2024-11-27T01:00:00.000Z,117.0,111.0,HOU,MIN
14377,2024-11-27T02:00:00.000Z,128.0,115.0,SAS,UTA
14378,2024-11-27T03:00:00.000Z,100.0,127.0,LAL,PHX
14379,2024-11-28T00:00:00.000Z,98.0,94.0,MIA,CHA
14380,2024-11-28T00:00:00.000Z,135.0,124.0,ATL,CLE
14381,2024-11-28T00:00:00.000Z,114.0,121.0,POR,IND
14382,2024-11-28T00:00:00.000Z,119.0,133.0,CHI,ORL
14383,2024-11-28T00:00:00.000Z,122.0,115.0,HOU,PHI
14384,2024-11-28T00:00:00.000Z,121.0,96.0,LAC,WAS
14385,2024-11-28T00:30:00.000Z,114.0,129.0,NYK,DAL
14386,2024-11-28T01:00:00.000Z,111.0,131.0,DET,MEM
14387,2024-11-28T01:00:00.000Z,115.0,104.0,SAC,MIN
14388,2024-11-28T01:00:00.000Z,119.0,93.0,TOR,NOP
14389,2024-11-28T01:30:00.000Z,119.0,101.0,LAL,SAS
14390,2024-11-28T02:00:00.000Z,127.0,117.0,BKN,PHX
14391,2024-11-28T02:00:00.000Z,122.0,103.0,DEN,UTA
14392,2024-11-28T03:00:00.000Z,105.0,101.0,OKC,GSW
14393,2024-11-29T17:00:00.000Z,99.0,98.0,NYK,CHA
14394,2024-11-29T19:30:00.000Z,101.0,117.0,CLE,ATL
14395,2024-11-29T22:00:00.000Z,109.0,120.0,NOP,MEM
14396,2024-11-30T00:30:00.000Z,123.0,100.0,ORL,BKN
14397,2024-11-30T00:30:00.000Z,92.0,93.0,LAC,MIN
14398,2024-11-30T01:00:00.000Z,130.0,106.0,DET,IND
14399,2024-11-30T01:00:00.000Z,111.0,121.0,TOR,MIA
14400,2024-11-30T01:00:00.000Z,138.0,129.0,BOS,CHI
14401,2024-11-30T03:00:00.000Z,101.0,93.0,OKC,LAL
14402,2024-11-30T03:00:00.000Z,106.0,115.0,SAC,POR
14403,2024-11-30T23:00:00.000Z,107.0,104.0,ATL,CHA
14404,2024-12-01T00:00:00.000Z,111.0,96.0,PHI,DET
14405,2024-12-01T01:00:00.000Z,114.0,124.0,WAS,MIL
14406,2024-12-01T02:00:00.000Z,105.0,113.0,GSW,PHX
14407,2024-12-01T02:30:00.000Z,106.0,94.0,DAL,UTA
14408,2024-12-01T20:30:00.000Z,100.0,92.0,ORL,BKN
14409,2024-12-01T20:30:00.000Z,121.0,136.0,IND,MEM
14410,2024-12-01T23:00:00.000Z,111.0,115.0,BOS,CLE
14411,2024-12-01T23:00:00.000Z,85.0,118.0,NOP,NYK
14412,2024-12-01T23:00:00.000Z,116.0,119.0,MIA,TOR
14413,2024-12-02T00:00:00.000Z,116.0,119.0,OKC,HOU
14414,2024-12-02T01:00:00.000Z,105.0,104.0,LAL,UTA
14415,2024-12-02T02:00:00.000Z,137.0,131.0,DAL,POR
14416,2024-12-02T02:00:00.000Z,127.0,125.0,SAS,SAC
14417,2024-12-02T03:00:00.000Z,122.0,126.0,DEN,LAC
14418,2024-12-03T00:30:00.000Z,112.0,124.0,NOP,ATL
14419,2024-12-03T00:30:00.000Z,89.0,108.0,MIA,BOS
14420,2024-12-03T01:00:00.000Z,102.0,128.0,BKN,CHI
14421,2024-12-03T01:00:00.000Z,80.0,109.0,LAL,MIN
14422,2024-12-04T00:00:00.000Z,110.0,104.0,PHI,CHA
14423,2024-12-04T00:00:00.000Z,87.0,118.0,WAS,CLE
14424,2024-12-04T00:00:00.000Z,128.0,107.0,MIL,DET
14425,2024-12-04T00:30:00.000Z,106.0,121.0,ORL,NYK
14426,2024-12-04T00:30:00.000Z,111.0,122.0,IND,TOR
14427,2024-12-04T01:00:00.000Z,106.0,133.0,UTA,OKC
14428,2024-12-04T01:30:00.000Z,116.0,121.0,MEM,DAL
14429,2024-12-04T02:00:00.000Z,93.0,104.0,SAS,PHX
14430,2024-12-04T03:00:00.000Z,115.0,119.0,GSW,DEN
14431,2024-12-04T03:00:00.000Z,111.0,120.0,HOU,SAC
14432,2024-12-04T03:30:00.000Z,105.0,127.0,POR,LAC
14433,2024-12-05T00:30:00.000Z,120.0,130.0,DET,BOS
14434,2024-12-05T00:30:00.000Z,90.0,99.0,IND,BKN
14435,2024-12-05T00:30:00.000Z,93.0,134.0,LAL,MIA
14436,2024-12-05T00:30:00.000Z,106.0,102.0,ORL,PHI
14437,2024-12-05T01:00:00.000Z,119.0,104.0,ATL,MIL
14438,2024-12-05T03:30:00.000Z,108.0,80.0,MIN,LAC
14439,2024-12-06T00:00:00.000Z,114.0,126.0,DEN,CLE
14440,2024-12-06T00:00:00.000Z,137.0,101.0,DAL,WAS
14441,2024-12-06T00:30:00.000Z,101.0,125.0,CHA,NYK
14442,2024-12-06T00:30:00.000Z,129.0,92.0,OKC,TOR
14443,2024-12-06T01:00:00.000Z,110.0,115.0,SAC,MEM
14444,2024-12-06T01:00:00.000Z,124.0,126.0,PHX,NOP
14445,2024-12-06T01:00:00.000Z,139.0,124.0,CHI,SAS
14446,2024-12-06T03:00:00.000Z,93.0,99.0,HOU,GSW
14447,2024-12-07T00:00:00.000Z,94.0,102.0,ORL,PHI
14448,2024-12-07T00:30:00.000Z,132.0,134.0,LAL,ATL
14449,2024-12-07T00:30:00.000Z,105.0,111.0,MIL,BOS
14450,2024-12-07T01:00:00.000Z,132.0,123.0,IND,CHI
14451,2024-12-07T01:00:00.000Z,140.0,113.0,SAC,SAS
14452,2024-12-07T03:00:00.000Z,107.0,90.0,MIN,GSW
14453,2024-12-07T03:00:00.000Z,141.0,99.0,UTA,POR
14454,2024-12-07T18:00:00.000Z,116.0,102.0,CLE,CHA
14455,2024-12-08T00:00:00.000Z,113.0,122.0,DEN,WAS
14456,2024-12-08T00:00:00.000Z,119.0,109.0,OKC,NOP
14457,2024-12-08T00:30:00.000Z,120.0,111.0,DET,NYK
14458,2024-12-08T00:30:00.000Z,125.0,118.0,DAL,TOR
14459,2024-12-08T01:00:00.000Z,127.0,121.0,MEM,BOS
14460,2024-12-08T01:00:00.000Z,111.0,121.0,PHX,MIA
14461,2024-12-08T18:00:00.000Z,108.0,100.0,PHI,CHI
14462,2024-12-08T20:30:00.000Z,118.0,113.0,MIL,BKN
14463,2024-12-08T22:00:00.000Z,113.0,109.0,CHA,IND
14464,2024-12-08T23:00:00.000Z,141.0,111.0,DEN,ATL
14465,2024-12-08T23:00:00.000Z,113.0,122.0,CLE,MIA
14466,2024-12-08T23:30:00.000Z,110.0,115.0,PHX,ORL
14467,2024-12-09T00:00:00.000Z,140.0,112.0,MEM,WAS
14468,2024-12-09T00:00:00.000Z,116.0,121.0,NOP,SAS
14469,2024-12-09T01:30:00.000Z,106.0,114.0,MIN,GSW
14470,2024-12-09T02:00:00.000Z,117.0,106.0,HOU,LAC
14471,2024-12-09T02:00:00.000Z,97.0,141.0,UTA,SAC
14472,2024-12-09T02:30:00.000Z,98.0,107.0,POR,LAL
14473,2024-12-10T00:30:00.000Z,113.0,108.0,NYK,TOR
14474,2024-12-20T00:00:00.000Z,126.0,119.0,UTA,DET
14475,2024-12-20T00:00:00.000Z,105.0,99.0,OKC,ORL
14476,2024-12-20T00:00:00.000Z,114.0,123.0,CHA,WAS
14477,2024-12-20T00:30:00.000Z,117.0,108.0,CHI,BOS
14478,2024-12-20T00:30:00.000Z,101.0,94.0,BKN,TOR
14479,2024-12-20T01:00:00.000Z,113.0,133.0,NOP,HOU
14480,2024-12-20T01:00:00.000Z,93.0,144.0,GSW,MEM
14481,2024-12-20T01:00:00.000Z,133.0,107.0,NYK,MIN
14482,2024-12-20T01:30:00.000Z,118.0,95.0,LAC,DAL
14483,2024-12-20T02:00:00.000Z,120.0,111.0,IND,PHX
14484,2024-12-20T02:30:00.000Z,126.0,133.0,ATL,SAS
14485,2024-12-20T03:00:00.000Z,124.0,126.0,DEN,POR
14486,2024-12-20T03:00:00.000Z,113.0,100.0,LAL,SAC
14487,2024-12-21T00:00:00.000Z,98.0,108.0,CHA,PHI
14488,2024-12-21T00:30:00.000Z,101.0,124.0,MIL,CLE
14489,2024-12-21T01:00:00.000Z,104.0,97.0,OKC,MIA
14490,2024-12-21T23:00:00.000Z,103.0,99.0,LAL,SAC
14491,2024-12-22T00:00:00.000Z,114.0,121.0,MIA,ORL
14492,2024-12-22T00:30:00.000Z,128.0,112.0,MEM,ATL
14493,2024-12-22T00:30:00.000Z,105.0,94.0,UTA,BKN
14494,2024-12-22T01:00:00.000Z,99.0,126.0,PHI,CLE
14495,2024-12-22T01:00:00.000Z,123.0,98.0,BOS,CHI
14496,2024-12-22T01:00:00.000Z,101.0,112.0,WAS,MIL
14497,2024-12-22T01:00:00.000Z,113.0,103.0,GSW,MIN
14498,2024-12-22T01:00:00.000Z,104.0,93.0,NYK,NOP
14499,2024-12-22T01:30:00.000Z,97.0,113.0,LAC,DAL
14500,2024-12-22T01:30:00.000Z,94.0,114.0,POR,SAS
14501,2024-12-22T02:00:00.000Z,133.0,125.0,DET,PHX
14502,2024-12-22T23:00:00.000Z,114.0,110.0,HOU,TOR
14503,2024-12-22T23:00:00.000Z,122.0,95.0,IND,SAC
14504,2024-12-23T00:00:00.000Z,132.0,129.0,DEN,NOP
14505,2024-12-24T00:00:00.000Z,114.0,101.0,HOU,CHA
14506,2024-12-24T00:00:00.000Z,113.0,124.0,UTA,CLE
14507,2024-12-24T00:00:00.000Z,104.0,108.0,BOS,ORL
14508,2024-12-24T00:00:00.000Z,106.0,111.0,SAS,PHI
14509,2024-12-24T00:30:00.000Z,104.0,117.0,MIN,ATL
14510,2024-12-24T00:30:00.000Z,95.0,110.0,BKN,MIA
14511,2024-12-24T00:30:00.000Z,125.0,139.0,TOR,NYK
14512,2024-12-24T01:00:00.000Z,112.0,91.0,MIL,CHI
14513,2024-12-24T01:00:00.000Z,114.0,110.0,LAC,MEM
14514,2024-12-24T01:00:00.000Z,105.0,123.0,WAS,OKC
14515,2024-12-24T01:30:00.000Z,108.0,132.0,POR,DAL
14516,2024-12-24T03:00:00.000Z,90.0,117.0,PHX,DEN
14517,2024-12-24T03:00:00.000Z,111.0,105.0,IND,GSW
14518,2024-12-24T03:30:00.000Z,117.0,114.0,DET,LAL
14519,2024-12-25T17:00:00.000Z,114.0,117.0,SAS,NYK
14520,2024-12-25T19:30:00.000Z,105.0,99.0,MIN,DAL
14521,2024-12-25T22:00:00.000Z,118.0,114.0,PHI,BOS
14522,2024-12-26T01:00:00.000Z,115.0,113.0,LAL,GSW
14523,2024-12-26T03:30:00.000Z,100.0,110.0,DEN,PHX
14524,2024-12-27T00:00:00.000Z,120.0,114.0,OKC,IND
14525,2024-12-27T00:00:00.000Z,89.0,88.0,MIA,ORL
14526,2024-12-27T00:00:00.000Z,110.0,113.0,CHA,WAS
14527,2024-12-27T00:30:00.000Z,133.0,141.0,CHI,ATL
14528,2024-12-27T01:00:00.000Z,126.0,155.0,TOR,MEM
14529,2024-12-27T01:00:00.000Z,111.0,105.0,BKN,MIL
14530,2024-12-27T01:00:00.000Z,128.0,111.0,HOU,NOP
14531,2024-12-27T03:00:00.000Z,120.0,122.0,UTA,POR
14532,2024-12-27T03:00:00.000Z,114.0,113.0,DET,SAC
14533,2024-12-28T00:00:00.000Z,108.0,85.0,NYK,ORL
14534,2024-12-28T00:30:00.000Z,105.0,142.0,IND,BOS
14535,2024-12-28T00:30:00.000Z,96.0,87.0,SAS,BKN
14536,2024-12-28T01:00:00.000Z,113.0,112.0,MIN,HOU
14537,2024-12-28T01:00:00.000Z,132.0,124.0,MEM,NOP
14538,2024-12-28T02:00:00.000Z,149.0,135.0,CLE,DEN
14539,2024-12-28T02:00:00.000Z,98.0,89.0,DAL,PHX
14540,2024-12-28T03:00:00.000Z,92.0,102.0,GSW,LAC
14541,2024-12-28T20:00:00.000Z,110.0,120.0,MIA,ATL
14542,2024-12-28T23:00:00.000Z,106.0,94.0,OKC,CHA
14543,2024-12-29T00:00:00.000Z,136.0,132.0,NYK,WAS
14544,2024-12-29T01:00:00.000Z,111.0,116.0,MIL,CHI
14545,2024-12-29T01:30:00.000Z,105.0,109.0,PHX,GSW
14546,2024-12-29T02:00:00.000Z,121.0,134.0,DET,DEN
14547,2024-12-29T02:30:00.000Z,114.0,111.0,PHI,UTA
14548,2024-12-29T03:00:00.000Z,122.0,126.0,DAL,POR
14549,2024-12-29T03:30:00.000Z,122.0,132.0,SAC,LAL
14550,2024-12-29T20:30:00.000Z,101.0,102.0,BKN,ORL
14551,2024-12-29T23:00:00.000Z,123.0,114.0,IND,BOS
14552,2024-12-29T23:00:00.000Z,136.0,107.0,ATL,TOR
14553,2024-12-30T00:00:00.000Z,104.0,100.0,MIA,HOU
14554,2024-12-30T00:00:00.000Z,106.0,130.0,MEM,OKC
14555,2024-12-30T01:00:00.000Z,110.0,112.0,SAS,MIN
14556,2024-12-31T00:00:00.000Z,115.0,108.0,CHI,CHA
14557,2024-12-31T00:00:00.000Z,126.0,106.0,NYK,WAS
14558,2024-12-31T01:00:00.000Z,116.0,113.0,LAC,NOP
14559,2024-12-31T02:00:00.000Z,132.0,121.0,DEN,UTA
14560,2024-12-31T03:00:00.000Z,113.0,95.0,CLE,GSW
14561,2024-12-31T03:00:00.000Z,125.0,103.0,PHI,POR
14562,2024-12-31T03:00:00.000Z,100.0,110.0,DAL,SAC
14563,2024-12-31T20:00:00.000Z,,,TOR,BOS
14564,2024-12-31T20:00:00.000Z,,,MIL,IND
14565,2025-01-01T00:00:00.000Z,,,LAC,SAS
14566,2025-01-01T01:00:00.000Z,,,MIN,OKC
14567,2025-01-01T02:00:00.000Z,,,MEM,PHX
14568,2025-01-01T02:00:00.000Z,,,CLE,LAL
14569,2025-01-02T00:00:00.000Z,,,ORL,DET
14570,2025-01-02T00:00:00.000Z,,,CHI,WAS
14571,2025-01-02T00:30:00.000Z,,,NOP,MIA
14572,2025-01-02T00:30:00.000Z,,,UTA,NYK
14573,2025-01-02T00:30:00.000Z,,,BKN,TOR
14574,2025-01-02T01:00:00.000Z,,,DAL,HOU
14575,2025-01-02T02:00:00.000Z,,,ATL,DEN
14576,2025-01-02T03:00:00.000Z,,,PHI,SAC
14577,2025-01-03T00:30:00.000Z,,,IND,MIA
14578,2025-01-03T00:30:00.000Z,,,BOS,MIN
14579,2025-01-03T01:00:00.000Z,,,BKN,MIL
14580,2025-01-03T01:00:00.000Z,,,LAC,OKC
14581,2025-01-03T03:00:00.000Z,,,PHI,GSW
14582,2025-01-03T03:30:00.000Z,,,POR,LAL
14583,2025-01-04T00:00:00.000Z,,,CHA,DET
14584,2025-01-04T00:30:00.000Z,,,ORL,TOR
14585,2025-01-04T01:00:00.000Z,,,BOS,HOU
14586,2025-01-04T01:00:00.000Z,,,WAS,NOP
14587,2025-01-04T01:00:00.000Z,,,NYK,OKC
14588,2025-01-04T01:30:00.000Z,,,CLE,DAL
14589,2025-01-04T02:00:00.000Z,,,SAS,DEN
14590,2025-01-04T03:00:00.000Z,,,MEM,SAC
14591,2025-01-04T03:30:00.000Z,,,ATL,LAL
14592,2025-01-04T23:00:00.000Z,,,PHI,BKN
14593,2025-01-05T00:00:00.000Z,,,MIN,DET
14594,2025-01-05T00:00:00.000Z,,,PHX,IND
14595,2025-01-05T01:00:00.000Z,,,UTA,MIA
14596,2025-01-05T01:00:00.000Z,,,NYK,CHI
14597,2025-01-05T01:00:00.000Z,,,POR,MIL
14598,2025-01-05T01:00:00.000Z,,,DEN,SAS
14599,2025-01-05T01:30:00.000Z,,,MEM,GSW
14600,2025-01-05T03:30:00.000Z,,,ATL,LAC
14601,2025-01-05T20:30:00.000Z,,,BOS,OKC
14602,2025-01-05T23:00:00.000Z,,,CHA,CLE
14603,2025-01-05T23:00:00.000Z,,,NOP,WAS
14604,2025-01-05T23:30:00.000Z,,,UTA,ORL
14605,2025-01-06T00:00:00.000Z,,,LAL,HOU
14606,2025-01-06T01:30:00.000Z,,,SAC,GSW
14607,2025-01-07T00:00:00.000Z,,,POR,DET
14608,2025-01-07T00:00:00.000Z,,,PHX,PHI
14609,2025-01-07T00:30:00.000Z,,,IND,BKN
14610,2025-01-07T00:30:00.000Z,,,ORL,NYK
14611,2025-01-07T00:30:00.000Z,,,MIL,TOR
14612,2025-01-07T01:00:00.000Z,,,SAS,CHI
14613,2025-01-07T01:00:00.000Z,,,DAL,MEM
14614,2025-01-07T01:00:00.000Z,,,LAC,MIN
14615,2025-01-07T03:00:00.000Z,,,MIA,SAC
14616,2025-01-08T00:00:00.000Z,,,PHX,CHA
14617,2025-01-08T00:00:00.000Z,,,HOU,WAS
14618,2025-01-08T00:30:00.000Z,,,LAL,DAL
14619,2025-01-08T01:00:00.000Z,,,MIN,NOP
14620,2025-01-08T02:00:00.000Z,,,ATL,UTA
14621,2025-01-08T03:00:00.000Z,,,BOS,DEN
14622,2025-01-08T03:00:00.000Z,,,MIA,GSW
14623,2025-01-09T00:00:00.000Z,,,OKC,CLE
14624,2025-01-09T00:00:00.000Z,,,CHI,IND
14625,2025-01-09T00:00:00.000Z,,,TOR,NYK
14626,2025-01-09T00:00:00.000Z,,,WAS,PHI
14627,2025-01-09T00:30:00.000Z,,,DET,BKN
14628,2025-01-09T01:00:00.000Z,,,POR,NOP
14629,2025-01-09T02:00:00.000Z,,,LAC,DEN
14630,2025-01-09T02:30:00.000Z,,,SAS,MIL
14631,2025-01-10T00:00:00.000Z,,,TOR,CLE
14632,2025-01-10T00:00:00.000Z,,,GSW,DET
14633,2025-01-10T00:00:00.000Z,,,MIN,ORL
14634,2025-01-10T01:00:00.000Z,,,HOU,MEM
14635,2025-01-10T01:30:00.000Z,,,POR,DAL
14636,2025-01-10T02:00:00.000Z,,,ATL,PHX
14637,2025-01-10T02:00:00.000Z,,,MIA,UTA
14638,2025-01-10T03:30:00.000Z,,,CHA,LAL
14639,2025-01-11T00:00:00.000Z,,,GSW,IND
14640,2025-01-11T00:00:00.000Z,,,MIL,ORL
14641,2025-01-11T00:00:00.000Z,,,NOP,PHI
14642,2025-01-11T00:30:00.000Z,,,SAC,BOS
14643,2025-01-11T00:30:00.000Z,,,OKC,NYK
14644,2025-01-11T01:00:00.000Z,,,WAS,CHI
14645,2025-01-11T02:00:00.000Z,,,BKN,DEN
14646,2025-01-11T20:00:00.000Z,,,HOU,ATL
14647,2025-01-11T22:00:00.000Z,,,UTA,PHX
14648,2025-01-12T00:00:00.000Z,,,TOR,DET
14649,2025-01-12T01:00:00.000Z,,,MEM,MIN
14650,2025-01-12T03:00:00.000Z,,,MIA,POR
14651,2025-01-12T03:30:00.000Z,,,SAS,LAL
14652,2025-01-12T03:30:00.000Z,,,CHA,LAC
14653,2025-01-12T20:00:00.000Z,,,MIL,NYK
14654,2025-01-12T20:00:00.000Z,,,DEN,DAL
14655,2025-01-12T20:30:00.000Z,,,SAC,CHI
14656,2025-01-12T23:00:00.000Z,,,NOP,BOS
14657,2025-01-12T23:00:00.000Z,,,IND,CLE
14658,2025-01-12T23:00:00.000Z,,,PHI,ORL
14659,2025-01-12T23:00:00.000Z,,,OKC,WAS
14660,2025-01-13T01:00:00.000Z,,,BKN,UTA
14661,2025-01-13T02:00:00.000Z,,,CHA,PHX
14662,2025-01-14T00:00:00.000Z,,,MIN,WAS
14663,2025-01-14T00:30:00.000Z,,,DET,NYK
14664,2025-01-14T00:30:00.000Z,,,GSW,TOR
14665,2025-01-14T01:00:00.000Z,,,MEM,HOU
14666,2025-01-14T03:30:00.000Z,,,SAS,LAL
14667,2025-01-14T03:30:00.000Z,,,MIA,LAC
14668,2025-01-15T00:00:00.000Z,,,CLE,IND
14669,2025-01-15T00:00:00.000Z,,,OKC,PHI
14670,2025-01-15T00:30:00.000Z,,,PHX,ATL
14671,2025-01-15T01:00:00.000Z,,,NOP,CHI
14672,2025-01-15T01:00:00.000Z,,,SAC,MIL
14673,2025-01-15T02:30:00.000Z,,,DEN,DAL
14674,2025-01-15T03:00:00.000Z,,,BKN,POR
14675,2025-01-16T00:30:00.000Z,,,NYK,PHI
14676,2025-01-16T00:30:00.000Z,,,BOS,TOR
14677,2025-01-16T01:00:00.000Z,,,ATL,CHI
14678,2025-01-16T01:00:00.000Z,,,ORL,MIL
14679,2025-01-16T01:00:00.000Z,,,GSW,MIN
14680,2025-01-16T01:00:00.000Z,,,DAL,NOP
14681,2025-01-16T01:00:00.000Z,,,MEM,SAS
14682,2025-01-16T02:00:00.000Z,,,HOU,DEN
14683,2025-01-16T02:00:00.000Z,,,CHA,UTA
14684,2025-01-16T03:00:00.000Z,,,MIA,LAL
14685,2025-01-16T03:30:00.000Z,,,BKN,LAC
14686,2025-01-17T00:00:00.000Z,,,IND,DET
14687,2025-01-17T00:30:00.000Z,,,PHX,WAS
14688,2025-01-17T01:00:00.000Z,,,CLE,OKC
14689,2025-01-17T03:00:00.000Z,,,LAC,POR
14690,2025-01-17T03:00:00.000Z,,,HOU,SAC
14691,2025-01-18T00:00:00.000Z,,,ORL,BOS
14692,2025-01-18T00:30:00.000Z,,,MIN,NYK
14693,2025-01-18T01:00:00.000Z,,,DEN,MIA
14694,2025-01-18T01:00:00.000Z,,,TOR,MIL
14695,2025-01-18T01:00:00.000Z,,,UTA,NOP
14696,2025-01-18T01:00:00.000Z,,,MEM,SAS
14697,2025-01-18T01:30:00.000Z,,,OKC,DAL
14698,2025-01-18T02:30:00.000Z,,,CHA,CHI
14699,2025-01-18T03:30:00.000Z,,,BKN,LAL
14700,2025-01-18T22:00:00.000Z,,,PHX,DET
14701,2025-01-19T00:00:00.000Z,,,ATL,BOS
14702,2025-01-19T00:00:00.000Z,,,PHI,IND
14703,2025-01-19T01:30:00.000Z,,,WAS,GSW
14704,2025-01-19T02:00:00.000Z,,,CLE,MIN
14705,2025-01-19T03:00:00.000Z,,,HOU,POR
14706,2025-01-19T20:00:00.000Z,,,SAS,MIA
14707,2025-01-19T23:00:00.000Z,,,DEN,ORL
14708,2025-01-20T00:00:00.000Z,,,PHI,MIL
14709,2025-01-20T00:00:00.000Z,,,BKN,OKC
14710,2025-01-20T02:00:00.000Z,,,LAL,LAC
14711,2025-01-20T02:00:00.000Z,,,CHI,POR
14712,2025-01-20T02:00:00.000Z,,,WAS,SAC
14713,2025-01-20T17:00:00.000Z,,,DAL,CHA
14714,2025-01-20T19:00:00.000Z,,,DET,HOU
14715,2025-01-20T19:30:00.000Z,,,MIN,MEM
14716,2025-01-20T20:00:00.000Z,,,ATL,NYK
14717,2025-01-20T20:30:00.000Z,,,PHX,CLE
14718,2025-01-20T22:00:00.000Z,,,BOS,GSW
14719,2025-01-21T01:00:00.000Z,,,UTA,NOP
14720,2025-01-22T00:30:00.000Z,,,NYK,BKN
14721,2025-01-22T00:30:00.000Z,,,POR,MIA
14722,2025-01-22T00:30:00.000Z,,,ORL,TOR
14723,2025-01-22T03:00:00.000Z,,,PHI,DEN
14724,2025-01-22T03:30:00.000Z,,,WAS,LAL
14725,2025-01-22T03:30:00.000Z,,,CHI,LAC
14726,2025-01-23T00:30:00.000Z,,,DET,ATL
14727,2025-01-23T00:30:00.000Z,,,PHX,BKN
14728,2025-01-23T00:30:00.000Z,,,MIN,DAL
14729,2025-01-23T01:00:00.000Z,,,CLE,HOU
14730,2025-01-23T01:00:00.000Z,,,CHA,MEM
14731,2025-01-23T01:00:00.000Z,,,MIL,NOP
14732,2025-01-23T01:00:00.000Z,,,UTA,OKC
14733,2025-01-23T03:00:00.000Z,,,GSW,SAC
14734,2025-01-23T03:30:00.000Z,,,BOS,LAC
14735,2025-01-23T19:00:00.000Z,,,SAS,IND
14736,2025-01-24T00:00:00.000Z,,,POR,ORL
14737,2025-01-24T00:30:00.000Z,,,TOR,ATL
14738,2025-01-24T00:30:00.000Z,,,MIA,MIL
14739,2025-01-24T01:00:00.000Z,,,DAL,OKC
14740,2025-01-24T02:00:00.000Z,,,SAC,DEN
14741,2025-01-24T02:00:00.000Z,,,WAS,UTA
14742,2025-01-24T03:00:00.000Z,,,CHI,GSW
14743,2025-01-24T03:00:00.000Z,,,BOS,LAL
14744,2025-01-25T00:00:00.000Z,,,POR,CHA
14745,2025-01-25T00:00:00.000Z,,,CLE,PHI
14746,2025-01-25T01:00:00.000Z,,,NOP,MEM
14747,2025-01-25T17:00:00.000Z,,,IND,SAS
14748,2025-01-25T20:00:00.000Z,,,DEN,MIN
14749,2025-01-25T22:30:00.000Z,,,BOS,DAL
14750,2025-01-25T23:00:00.000Z,,,MIA,BKN
14751,2025-01-26T00:00:00.000Z,,,NOP,CHA
14752,2025-01-26T00:00:00.000Z,,,DET,ORL
14753,2025-01-26T00:30:00.000Z,,,TOR,ATL
14754,2025-01-26T00:30:00.000Z,,,HOU,CLE
14755,2025-01-26T00:30:00.000Z,,,SAC,NYK
14756,2025-01-26T01:00:00.000Z,,,PHI,CHI
14757,2025-01-26T01:00:00.000Z,,,UTA,MEM
14758,2025-01-26T01:30:00.000Z,,,LAL,GSW
14759,2025-01-26T02:00:00.000Z,,,WAS,PHX
14760,2025-01-26T03:30:00.000Z,,,MIL,LAC
14761,2025-01-26T23:00:00.000Z,,,OKC,POR
14762,2025-01-28T00:00:00.000Z,,,LAL,CHA
14763,2025-01-28T00:00:00.000Z,,,DET,CLE
14764,2025-01-28T00:30:00.000Z,,,HOU,BOS
14765,2025-01-28T00:30:00.000Z,,,SAC,BKN
14766,2025-01-28T00:30:00.000Z,,,ORL,MIA
14767,2025-01-28T00:30:00.000Z,,,MEM,NYK
14768,2025-01-28T00:30:00.000Z,,,NOP,TOR
14769,2025-01-28T01:00:00.000Z,,,DEN,CHI
14770,2025-01-28T01:00:00.000Z,,,ATL,MIN
14771,2025-01-28T01:30:00.000Z,,,WAS,DAL
14772,2025-01-28T02:00:00.000Z,,,MIL,UTA
14773,2025-01-28T02:30:00.000Z,,,LAC,PHX
14774,2025-01-29T00:30:00.000Z,,,LAL,PHI
14775,2025-01-29T03:00:00.000Z,,,UTA,GSW
14776,2025-01-29T03:00:00.000Z,,,MIL,POR
14777,2025-01-30T00:00:00.000Z,,,BKN,CHA
14778,2025-01-30T00:00:00.000Z,,,DET,IND
14779,2025-01-30T00:00:00.000Z,,,TOR,WAS
14780,2025-01-30T00:30:00.000Z,,,CHI,BOS
14781,2025-01-30T00:30:00.000Z,,,CLE,MIA
14782,2025-01-30T00:30:00.000Z,,,DEN,NYK
14783,2025-01-30T00:30:00.000Z,,,SAC,PHI
14784,2025-01-30T01:00:00.000Z,,,DAL,NOP
14785,2025-01-30T01:00:00.000Z,,,LAC,SAS
14786,2025-01-30T02:00:00.000Z,,,MIN,PHX
14787,2025-01-30T03:00:00.000Z,,,OKC,GSW
14788,2025-01-31T00:00:00.000Z,,,LAL,WAS
14789,2025-01-31T00:30:00.000Z,,,ATL,CLE
14790,2025-01-31T00:30:00.000Z,,,HOU,MEM
14791,2025-01-31T03:00:00.000Z,,,MIN,UTA
14792,2025-01-31T03:00:00.000Z,,,ORL,POR
14793,2025-02-01T00:00:00.000Z,,,LAC,CHA
14794,2025-02-01T00:00:00.000Z,,,DAL,DET
14795,2025-02-01T00:30:00.000Z,,,DEN,PHI
14796,2025-02-01T00:30:00.000Z,,,CHI,TOR
14797,2025-02-01T01:00:00.000Z,,,BOS,NOP
14798,2025-02-01T01:00:00.000Z,,,MIL,SAS
14799,2025-02-01T03:00:00.000Z,,,PHX,GSW
14800,2025-02-01T22:00:00.000Z,,,ATL,IND
14801,2025-02-01T22:00:00.000Z,,,ORL,UTA
14802,2025-02-02T00:00:00.000Z,,,DEN,CHA
14803,2025-02-02T01:00:00.000Z,,,BKN,HOU
14804,2025-02-02T01:00:00.000Z,,,WAS,MIN
14805,2025-02-02T01:00:00.000Z,,,SAC,OKC
14806,2025-02-02T01:30:00.000Z,,,LAL,NYK
14807,2025-02-02T01:30:00.000Z,,,MIA,SAS
14808,2025-02-02T03:00:00.000Z,,,PHX,POR
14809,2025-02-02T20:00:00.000Z,,,CHI,DET
14810,2025-02-02T20:30:00.000Z,,,DAL,CLE
14811,2025-02-02T20:30:00.000Z,,,LAC,TOR
14812,2025-02-02T23:00:00.000Z,,,BOS,PHI
14813,2025-02-03T01:30:00.000Z,,,MEM,MIL
14814,2025-02-04T00:00:00.000Z,,,WAS,CHA
14815,2025-02-04T00:00:00.000Z,,,ATL,DET
14816,2025-02-04T00:30:00.000Z,,,HOU,NYK
14817,2025-02-04T01:00:00.000Z,,,SAS,MEM
14818,2025-02-04T01:00:00.000Z,,,SAC,MIN
14819,2025-02-04T01:00:00.000Z,,,MIL,OKC
14820,2025-02-04T02:00:00.000Z,,,NOP,DEN
14821,2025-02-04T02:00:00.000Z,,,IND,UTA
14822,2025-02-04T03:00:00.000Z,,,ORL,GSW
14823,2025-02-04T03:00:00.000Z,,,PHX,POR
14824,2025-02-05T00:00:00.000Z,,,BOS,CLE
14825,2025-02-05T00:30:00.000Z,,,HOU,BKN
14826,2025-02-05T00:30:00.000Z,,,DAL,PHI
14827,2025-02-05T00:30:00.000Z,,,NYK,TOR
14828,2025-02-05T01:00:00.000Z,,,MIA,CHI
14829,2025-02-05T03:00:00.000Z,,,LAL,LAC
14830,2025-02-05T03:00:00.000Z,,,IND,POR
14831,2025-02-06T00:00:00.000Z,,,MIL,CHA
14832,2025-02-06T00:00:00.000Z,,,CLE,DET
14833,2025-02-06T00:30:00.000Z,,,SAS,ATL
14834,2025-02-06T00:30:00.000Z,,,WAS,BKN
14835,2025-02-06T00:30:00.000Z,,,MIA,PHI
14836,2025-02-06T00:30:00.000Z,,,MEM,TOR
14837,2025-02-06T01:00:00.000Z,,,CHI,MIN
14838,2025-02-06T01:00:00.000Z,,,PHX,OKC
14839,2025-02-06T02:00:00.000Z,,,GSW,UTA
14840,2025-02-06T03:00:00.000Z,,,NOP,DEN
14841,2025-02-06T03:00:00.000Z,,,ORL,SAC
14842,2025-02-07T00:30:00.000Z,,,DAL,BOS
14843,2025-02-07T01:00:00.000Z,,,HOU,MIN
14844,2025-02-07T02:00:00.000Z,,,ORL,DEN
14845,2025-02-07T03:00:00.000Z,,,GSW,LAL
14846,2025-02-07T03:00:00.000Z,,,SAC,POR
14847,2025-02-07T03:30:00.000Z,,,IND,LAC
14848,2025-02-08T00:00:00.000Z,,,SAS,CHA
14849,2025-02-08T00:00:00.000Z,,,CLE,WAS
14850,2025-02-08T00:30:00.000Z,,,MIL,ATL
14851,2025-02-08T00:30:00.000Z,,,MIA,BKN
14852,2025-02-08T00:30:00.000Z,,,PHI,DET
14853,2025-02-08T01:00:00.000Z,,,TOR,OKC
14854,2025-02-08T03:00:00.000Z,,,UTA,PHX
14855,2025-02-08T20:00:00.000Z,,,HOU,DAL
14856,2025-02-08T21:00:00.000Z,,,IND,LAL
14857,2025-02-09T00:00:00.000Z,,,SAS,ORL
14858,2025-02-09T00:00:00.000Z,,,ATL,WAS
14859,2025-02-09T01:00:00.000Z,,,GSW,CHI
14860,2025-02-09T01:00:00.000Z,,,OKC,MEM
14861,2025-02-09T01:00:00.000Z,,,POR,MIN
14862,2025-02-09T01:30:00.000Z,,,BOS,NYK
14863,2025-02-09T02:00:00.000Z,,,DEN,PHX
14864,2025-02-09T03:00:00.000Z,,,NOP,SAC
14865,2025-02-09T03:30:00.000Z,,,UTA,LAC
14866,2025-02-09T18:00:00.000Z,,,CHA,DET
14867,2025-02-09T19:00:00.000Z,,,TOR,HOU
14868,2025-02-09T19:00:00.000Z,,,PHI,MIL
14869,2025-02-11T00:00:00.000Z,,,MIN,CLE
14870,2025-02-11T00:00:00.000Z,,,ATL,ORL
14871,2025-02-11T00:00:00.000Z,,,SAS,WAS
14872,2025-02-11T00:30:00.000Z,,,CHA,BKN
14873,2025-02-11T00:30:00.000Z,,,BOS,MIA
14874,2025-02-11T01:00:00.000Z,,,GSW,MIL
14875,2025-02-11T01:00:00.000Z,,,NOP,OKC
14876,2025-02-11T01:30:00.000Z,,,SAC,DAL
14877,2025-02-11T02:00:00.000Z,,,POR,DEN
14878,2025-02-12T00:00:00.000Z,,,TOR,PHI
14879,2025-02-12T00:30:00.000Z,,,NYK,IND
14880,2025-02-12T01:00:00.000Z,,,DET,CHI
14881,2025-02-12T03:00:00.000Z,,,MEM,PHX
14882,2025-02-12T03:30:00.000Z,,,UTA,LAL
14883,2025-02-13T00:00:00.000Z,,,SAS,BOS
14884,2025-02-13T00:00:00.000Z,,,CHA,ORL
14885,2025-02-13T00:00:00.000Z,,,IND,WAS
14886,2025-02-13T00:30:00.000Z,,,PHI,BKN
14887,2025-02-13T00:30:00.000Z,,,ATL,NYK
14888,2025-02-13T00:30:00.000Z,,,CLE,TOR
14889,2025-02-13T01:00:00.000Z,,,DET,CHI
14890,2025-02-13T01:00:00.000Z,,,MIL,MIN
14891,2025-02-13T01:00:00.000Z,,,SAC,NOP
14892,2025-02-13T01:00:00.000Z,,,MIA,OKC
14893,2025-02-13T01:30:00.000Z,,,PHX,HOU
14894,2025-02-13T02:00:00.000Z,,,POR,DEN
14895,2025-02-13T02:00:00.000Z,,,LAL,UTA
14896,2025-02-13T02:30:00.000Z,,,GSW,DAL
14897,2025-02-13T03:30:00.000Z,,,MEM,LAC
14898,2025-02-14T01:00:00.000Z,,,GSW,HOU
14899,2025-02-14T01:00:00.000Z,,,SAC,NOP
14900,2025-02-14T01:30:00.000Z,,,MIA,DAL
14901,2025-02-14T01:30:00.000Z,,,OKC,MIN
14902,2025-02-21T00:00:00.000Z,,,MEM,IND
14903,2025-02-21T00:00:00.000Z,,,BOS,PHI
14904,2025-02-21T00:30:00.000Z,,,ORL,ATL
14905,2025-02-21T00:30:00.000Z,,,CLE,BKN
14906,2025-02-21T00:30:00.000Z,,,CHI,NYK
14907,2025-02-21T01:00:00.000Z,,,LAC,MIL
14908,2025-02-21T02:00:00.000Z,,,CHA,DEN
14909,2025-02-21T02:30:00.000Z,,,PHX,SAS
14910,2025-02-21T03:00:00.000Z,,,LAL,POR
14911,2025-02-22T00:00:00.000Z,,,NYK,CLE
14912,2025-02-22T00:00:00.000Z,,,MEM,ORL
14913,2025-02-22T00:00:00.000Z,,,MIL,WAS
14914,2025-02-22T00:30:00.000Z,,,MIA,TOR
14915,2025-02-22T01:00:00.000Z,,,MIN,HOU
14916,2025-02-22T01:30:00.000Z,,,DET,SAS
14917,2025-02-22T02:30:00.000Z,,,NOP,DAL
14918,2025-02-22T02:30:00.000Z,,,OKC,UTA
14919,2025-02-22T03:00:00.000Z,,,GSW,SAC
14920,2025-02-22T22:00:00.000Z,,,PHX,CHI
14921,2025-02-23T00:30:00.000Z,,,BKN,PHI
14922,2025-02-23T01:30:00.000Z,,,LAL,DEN
14923,2025-02-23T02:30:00.000Z,,,HOU,UTA
14924,2025-02-23T03:00:00.000Z,,,CHA,POR
14925,2025-02-23T18:00:00.000Z,,,NYK,BOS
14926,2025-02-23T20:30:00.000Z,,,DAL,GSW
14927,2025-02-23T22:00:00.000Z,,,LAC,IND
14928,2025-02-23T23:00:00.000Z,,,DET,ATL
14929,2025-02-23T23:00:00.000Z,,,WAS,ORL
14930,2025-02-23T23:00:00.000Z,,,PHX,TOR
14931,2025-02-24T00:00:00.000Z,,,MIA,MIL
14932,2025-02-24T00:00:00.000Z,,,SAS,NOP
14933,2025-02-24T00:30:00.000Z,,,MEM,CLE
14934,2025-02-24T02:30:00.000Z,,,OKC,MIN
14935,2025-02-25T00:00:00.000Z,,,LAC,DET
14936,2025-02-25T00:00:00.000Z,,,DEN,IND
14937,2025-02-25T00:00:00.000Z,,,CHI,PHI
14938,2025-02-25T00:00:00.000Z,,,BKN,WAS
14939,2025-02-25T00:30:00.000Z,,,MIA,ATL
14940,2025-02-25T01:00:00.000Z,,,MIN,OKC
14941,2025-02-25T02:00:00.000Z,,,POR,UTA
14942,2025-02-25T03:00:00.000Z,,,CHA,SAC
14943,2025-02-26T00:00:00.000Z,,,BOS,TOR
14944,2025-02-26T00:30:00.000Z,,,CLE,ORL
14945,2025-02-26T01:00:00.000Z,,,MIL,HOU
14946,2025-02-26T01:00:00.000Z,,,PHX,MEM
14947,2025-02-26T01:00:00.000Z,,,SAS,NOP
14948,2025-02-26T03:00:00.000Z,,,CHA,GSW
14949,2025-02-26T03:00:00.000Z,,,DAL,LAL
14950,2025-02-27T00:00:00.000Z,,,BOS,DET
14951,2025-02-27T00:00:00.000Z,,,TOR,IND
14952,2025-02-27T00:00:00.000Z,,,PHI,NYK
14953,2025-02-27T00:00:00.000Z,,,POR,WAS
14954,2025-02-27T00:30:00.000Z,,,OKC,BKN
14955,2025-02-27T00:30:00.000Z,,,ATL,MIA
14956,2025-02-27T01:00:00.000Z,,,LAC,CHI
14957,2025-02-27T02:00:00.000Z,,,SAC,UTA
14958,2025-02-27T02:30:00.000Z,,,SAS,HOU
14959,2025-02-28T00:00:00.000Z,,,GSW,ORL
14960,2025-02-28T00:30:00.000Z,,,DEN,MIL
14961,2025-02-28T01:30:00.000Z,,,CHA,DAL
14962,2025-02-28T03:00:00.000Z,,,NOP,PHX
14963,2025-02-28T03:30:00.000Z,,,MIN,LAL
14964,2025-03-01T00:00:00.000Z,,,DEN,DET
14965,2025-03-01T00:30:00.000Z,,,OKC,ATL
14966,2025-03-01T00:30:00.000Z,,,CLE,BOS
14967,2025-03-01T00:30:00.000Z,,,POR,BKN
14968,2025-03-01T01:00:00.000Z,,,IND,MIA
14969,2025-03-01T01:00:00.000Z,,,TOR,CHI
14970,2025-03-01T01:00:00.000Z,,,NYK,MEM
14971,2025-03-01T02:00:00.000Z,,,NOP,PHX
14972,2025-03-01T02:30:00.000Z,,,MIN,UTA
14973,2025-03-01T03:00:00.000Z,,,LAC,LAL
14974,2025-03-01T23:00:00.000Z,,,WAS,CHA
14975,2025-03-02T00:00:00.000Z,,,BKN,DET
14976,2025-03-02T01:00:00.000Z,,,SAC,HOU
14977,2025-03-02T01:00:00.000Z,,,SAS,MEM
14978,2025-03-02T01:30:00.000Z,,,GSW,PHI
14979,2025-03-02T01:30:00.000Z,,,MIL,DAL
14980,2025-03-02T18:00:00.000Z,,,DEN,BOS
14981,2025-03-02T20:30:00.000Z,,,POR,CLE
14982,2025-03-02T22:00:00.000Z,,,CHI,IND
14983,2025-03-02T23:00:00.000Z,,,NYK,MIA
14984,2025-03-02T23:00:00.000Z,,,TOR,ORL
14985,2025-03-03T00:00:00.000Z,,,OKC,SAS
14986,2025-03-03T01:00:00.000Z,,,NOP,UTA
14987,2025-03-03T02:30:00.000Z,,,MIN,PHX
14988,2025-03-03T02:30:00.000Z,,,LAC,LAL
14989,2025-03-04T00:00:00.000Z,,,GSW,CHA
14990,2025-03-04T00:00:00.000Z,,,POR,PHI
14991,2025-03-04T00:30:00.000Z,,,WAS,MIA
14992,2025-03-04T01:00:00.000Z,,,ATL,MEM
14993,2025-03-04T01:00:00.000Z,,,HOU,OKC
14994,2025-03-04T01:30:00.000Z,,,SAC,DAL
14995,2025-03-04T02:30:00.000Z,,,DET,UTA
14996,2025-03-05T00:00:00.000Z,,,HOU,IND
14997,2025-03-05T00:00:00.000Z,,,TOR,ORL
14998,2025-03-05T00:30:00.000Z,,,MIL,ATL
14999,2025-03-05T00:30:00.000Z,,,GSW,NYK
15000,2025-03-05T01:00:00.000Z,,,CLE,CHI
15001,2025-03-05T01:00:00.000Z,,,PHI,MIN
15002,2025-03-05T01:30:00.000Z,,,BKN,SAS
15003,2025-03-05T03:00:00.000Z,,,LAC,PHX
15004,2025-03-05T03:30:00.000Z,,,NOP,LAL
15005,2025-03-06T00:00:00.000Z,,,POR,BOS
15006,2025-03-06T00:00:00.000Z,,,MIN,CHA
15007,2025-03-06T00:00:00.000Z,,,MIA,CLE
15008,2025-03-06T00:00:00.000Z,,,UTA,WAS
15009,2025-03-06T01:00:00.000Z,,,OKC,MEM
15010,2025-03-06T02:00:00.000Z,,,SAC,DEN
15011,2025-03-06T02:30:00.000Z,,,DAL,MIL
15012,2025-03-06T03:30:00.000Z,,,DET,LAC
15013,2025-03-07T00:30:00.000Z,,,IND,ATL
15014,2025-03-07T00:30:00.000Z,,,PHI,BOS
15015,2025-03-07T00:30:00.000Z,,,GSW,BKN
15016,2025-03-07T01:00:00.000Z,,,HOU,NOP
15017,2025-03-07T03:00:00.000Z,,,NYK,LAL
15018,2025-03-08T00:00:00.000Z,,,CLE,CHA
15019,2025-03-08T00:30:00.000Z,,,UTA,TOR
15020,2025-03-08T00:30:00.000Z,,,MEM,DAL
15021,2025-03-08T01:00:00.000Z,,,MIN,MIA
15022,2025-03-08T01:00:00.000Z,,,POR,OKC
15023,2025-03-08T03:00:00.000Z,,,PHX,DEN
15024,2025-03-08T03:00:00.000Z,,,SAS,SAC
15025,2025-03-08T03:30:00.000Z,,,NYK,LAC
15026,2025-03-08T23:00:00.000Z,,,BKN,CHA
15027,2025-03-09T00:00:00.000Z,,,NOP,HOU
15028,2025-03-09T00:30:00.000Z,,,IND,ATL
15029,2025-03-09T00:30:00.000Z,,,WAS,TOR
15030,2025-03-09T01:00:00.000Z,,,CHI,MIA
15031,2025-03-09T01:00:00.000Z,,,ORL,MIL
15032,2025-03-09T01:30:00.000Z,,,LAL,BOS
15033,2025-03-09T01:30:00.000Z,,,DET,GSW
15034,2025-03-09T17:00:00.000Z,,,DEN,OKC
15035,2025-03-09T19:30:00.000Z,,,PHX,DAL
15036,2025-03-09T23:00:00.000Z,,,CLE,MIL
15037,2025-03-09T23:00:00.000Z,,,MEM,NOP
15038,2025-03-09T23:30:00.000Z,,,UTA,PHI
15039,2025-03-10T00:00:00.000Z,,,SAS,MIN
15040,2025-03-10T01:00:00.000Z,,,DET,POR
15041,2025-03-10T01:30:00.000Z,,,SAC,LAC
15042,2025-03-10T23:30:00.000Z,,,PHI,ATL
15043,2025-03-10T23:30:00.000Z,,,UTA,BOS
15044,2025-03-10T23:30:00.000Z,,,LAL,BKN
15045,2025-03-10T23:30:00.000Z,,,CHA,MIA
15046,2025-03-10T23:30:00.000Z,,,WAS,TOR
15047,2025-03-11T00:00:00.000Z,,,IND,CHI
15048,2025-03-11T00:00:00.000Z,,,ORL,HOU
15049,2025-03-11T00:00:00.000Z,,,PHX,MEM
15050,2025-03-11T00:00:00.000Z,,,DEN,OKC
15051,2025-03-11T00:30:00.000Z,,,DAL,SAS
15052,2025-03-11T02:00:00.000Z,,,POR,GSW
15053,2025-03-11T02:30:00.000Z,,,NYK,SAC
15054,2025-03-11T23:00:00.000Z,,,BKN,CLE
15055,2025-03-11T23:00:00.000Z,,,WAS,DET
15056,2025-03-11T23:00:00.000Z,,,MIL,IND
15057,2025-03-12T01:30:00.000Z,,,LAC,NOP
15058,2025-03-12T23:00:00.000Z,,,CHI,ORL
15059,2025-03-12T23:30:00.000Z,,,CHA,ATL
15060,2025-03-12T23:30:00.000Z,,,OKC,BOS
15061,2025-03-12T23:30:00.000Z,,,PHI,TOR
15062,2025-03-13T00:00:00.000Z,,,LAC,MIA
15063,2025-03-13T00:00:00.000Z,,,PHX,HOU
15064,2025-03-13T00:00:00.000Z,,,UTA,MEM
15065,2025-03-13T00:00:00.000Z,,,DAL,SAS
15066,2025-03-13T02:00:00.000Z,,,MIN,DEN
15067,2025-03-13T02:00:00.000Z,,,NYK,POR
15068,2025-03-13T23:00:00.000Z,,,WAS,DET
15069,2025-03-13T23:30:00.000Z,,,LAL,MIL
15070,2025-03-14T00:00:00.000Z,,,BKN,CHI
15071,2025-03-14T02:00:00.000Z,,,SAC,GSW
15072,2025-03-14T23:00:00.000Z,,,BOS,MIA
15073,2025-03-14T23:00:00.000Z,,,IND,PHI
15074,2025-03-14T23:30:00.000Z,,,LAC,ATL
15075,2025-03-15T00:00:00.000Z,,,DAL,HOU
15076,2025-03-15T00:00:00.000Z,,,CLE,MEM
15077,2025-03-15T00:00:00.000Z,,,ORL,MIN
15078,2025-03-15T00:00:00.000Z,,,CHA,SAS
15079,2025-03-15T01:30:00.000Z,,,LAL,DEN
15080,2025-03-15T01:30:00.000Z,,,TOR,UTA
15081,2025-03-15T02:00:00.000Z,,,SAC,PHX
15082,2025-03-15T22:00:00.000Z,,,BOS,BKN
15083,2025-03-15T23:00:00.000Z,,,OKC,DET
15084,2025-03-16T00:00:00.000Z,,,CHI,HOU
15085,2025-03-16T00:00:00.000Z,,,MIA,MEM
15086,2025-03-16T00:00:00.000Z,,,IND,MIL
15087,2025-03-16T00:30:00.000Z,,,NOP,SAS
15088,2025-03-16T00:30:00.000Z,,,NYK,GSW
15089,2025-03-16T01:00:00.000Z,,,WAS,DEN
15090,2025-03-16T17:00:00.000Z,,,PHI,DAL
15091,2025-03-16T19:30:00.000Z,,,PHX,LAL
15092,2025-03-16T22:00:00.000Z,,,ATL,BKN
15093,2025-03-16T22:00:00.000Z,,,ORL,CLE
15094,2025-03-16T22:00:00.000Z,,,TOR,POR
15095,2025-03-16T23:00:00.000Z,,,UTA,MIN
15096,2025-03-17T01:00:00.000Z,,,OKC,MIL
15097,2025-03-17T02:00:00.000Z,,,WAS,LAC
15098,2025-03-17T23:30:00.000Z,,,MIA,NYK
15099,2025-03-18T00:00:00.000Z,,,PHI,HOU
15100,2025-03-18T00:00:00.000Z,,,IND,MIN
15101,2025-03-18T00:00:00.000Z,,,DET,NOP
15102,2025-03-18T00:00:00.000Z,,,ORL,SAS
15103,2025-03-18T01:00:00.000Z,,,CHI,UTA
15104,2025-03-18T02:00:00.000Z,,,DEN,GSW
15105,2025-03-18T02:00:00.000Z,,,TOR,PHX
15106,2025-03-18T02:00:00.000Z,,,MEM,SAC
15107,2025-03-18T23:00:00.000Z,,,ATL,CHA
15108,2025-03-18T23:30:00.000Z,,,BKN,BOS
15109,2025-03-19T02:00:00.000Z,,,WAS,POR
15110,2025-03-19T02:30:00.000Z,,,MIL,LAL
15111,2025-03-19T02:30:00.000Z,,,CLE,LAC
15112,2025-03-19T23:00:00.000Z,,,DAL,IND
15113,2025-03-19T23:00:00.000Z,,,HOU,ORL
15114,2025-03-19T23:30:00.000Z,,,DET,MIA
15115,2025-03-19T23:30:00.000Z,,,NOP,MIN
15116,2025-03-20T00:00:00.000Z,,,PHI,OKC
15117,2025-03-20T00:00:00.000Z,,,NYK,SAS
15118,2025-03-20T01:00:00.000Z,,,LAC,UTA
15119,2025-03-20T02:00:00.000Z,,,TOR,GSW
15120,2025-03-20T02:00:00.000Z,,,DEN,LAL
15121,2025-03-20T02:00:00.000Z,,,CHI,PHX
15122,2025-03-20T02:00:00.000Z,,,MEM,POR
15123,2025-03-20T02:00:00.000Z,,,CLE,SAC
15124,2025-03-20T23:00:00.000Z,,,NYK,CHA
15125,2025-03-20T23:00:00.000Z,,,BKN,IND
15126,2025-03-21T02:00:00.000Z,,,MIL,GSW
15127,2025-03-21T02:00:00.000Z,,,CHI,SAC
15128,2025-03-21T23:00:00.000Z,,,ORL,WAS
15129,2025-03-22T00:00:00.000Z,,,HOU,MIA
15130,2025-03-22T00:00:00.000Z,,,NOP,MIN
15131,2025-03-22T00:00:00.000Z,,,CHA,OKC
15132,2025-03-22T00:00:00.000Z,,,PHI,SAS
15133,2025-03-22T00:30:00.000Z,,,DET,DAL
15134,2025-03-22T01:30:00.000Z,,,BOS,UTA
15135,2025-03-22T02:00:00.000Z,,,CLE,PHX
15136,2025-03-22T02:00:00.000Z,,,DEN,POR
15137,2025-03-22T02:30:00.000Z,,,MEM,LAC
15138,2025-03-22T21:00:00.000Z,,,BKN,IND
15139,2025-03-22T23:00:00.000Z,,,GSW,ATL
15140,2025-03-23T00:00:00.000Z,,,WAS,NYK
15141,2025-03-23T02:00:00.000Z,,,MIL,SAC
15142,2025-03-23T02:30:00.000Z,,,CHI,LAL
15143,2025-03-23T19:00:00.000Z,,,NOP,DET
15144,2025-03-23T19:30:00.000Z,,,CLE,UTA
15145,2025-03-23T22:00:00.000Z,,,PHI,ATL
15146,2025-03-23T22:00:00.000Z,,,CHA,MIA
15147,2025-03-23T22:00:00.000Z,,,SAS,TOR
15148,2025-03-23T22:00:00.000Z,,,BOS,POR
15149,2025-03-23T23:00:00.000Z,,,DEN,HOU
15150,2025-03-24T01:00:00.000Z,,,OKC,LAC
15151,2025-03-24T23:00:00.000Z,,,MIN,IND
15152,2025-03-24T23:00:00.000Z,,,LAL,ORL
15153,2025-03-24T23:00:00.000Z,,,TOR,WAS
15154,2025-03-24T23:30:00.000Z,,,DAL,BKN
15155,2025-03-25T00:00:00.000Z,,,PHI,NOP
15156,2025-03-25T01:00:00.000Z,,,CHI,DEN
15157,2025-03-25T02:00:00.000Z,,,MIL,PHX
15158,2025-03-25T02:00:00.000Z,,,BOS,SAC
15159,2025-03-25T23:00:00.000Z,,,ORL,CHA
15160,2025-03-25T23:00:00.000Z,,,SAS,DET
15161,2025-03-25T23:30:00.000Z,,,GSW,MIA
15162,2025-03-25T23:30:00.000Z,,,DAL,NYK
15163,2025-03-26T00:00:00.000Z,,,ATL,HOU
15164,2025-03-26T01:00:00.000Z,,,MEM,UTA
15165,2025-03-26T02:00:00.000Z,,,CLE,POR
15166,2025-03-26T02:00:00.000Z,,,OKC,SAC
15167,2025-03-26T23:00:00.000Z,,,WAS,PHI
15168,2025-03-26T23:30:00.000Z,,,TOR,BKN
15169,2025-03-26T23:30:00.000Z,,,LAL,IND
15170,2025-03-26T23:30:00.000Z,,,LAC,NYK
15171,2025-03-27T01:00:00.000Z,,,MIL,DEN
15172,2025-03-27T02:00:00.000Z,,,BOS,PHX
15173,2025-03-27T23:00:00.000Z,,,SAS,CLE
15174,2025-03-27T23:00:00.000Z,,,DAL,ORL
15175,2025-03-27T23:00:00.000Z,,,IND,WAS
15176,2025-03-27T23:30:00.000Z,,,ATL,MIA
15177,2025-03-28T00:00:00.000Z,,,LAL,CHI
15178,2025-03-28T00:00:00.000Z,,,MEM,OKC
15179,2025-03-28T01:00:00.000Z,,,HOU,UTA
15180,2025-03-28T02:00:00.000Z,,,POR,SAC
15181,2025-03-28T23:00:00.000Z,,,CLE,DET
15182,2025-03-28T23:30:00.000Z,,,LAC,BKN
15183,2025-03-28T23:30:00.000Z,,,CHA,TOR
15184,2025-03-29T00:00:00.000Z,,,NYK,MIL
15185,2025-03-29T00:00:00.000Z,,,PHX,MIN
15186,2025-03-29T00:00:00.000Z,,,GSW,NOP
15187,2025-03-29T01:00:00.000Z,,,UTA,DEN
15188,2025-03-29T21:00:00.000Z,,,SAC,ORL
15189,2025-03-29T23:00:00.000Z,,,BKN,WAS
15190,2025-03-29T23:30:00.000Z,,,MIA,PHI
15191,2025-03-30T00:00:00.000Z,,,DAL,CHI
15192,2025-03-30T00:00:00.000Z,,,LAL,MEM
15193,2025-03-30T00:00:00.000Z,,,IND,OKC
15194,2025-03-30T00:00:00.000Z,,,BOS,SAS
15195,2025-03-30T19:30:00.000Z,,,LAC,CLE
15196,2025-03-30T22:00:00.000Z,,,POR,NYK
15197,2025-03-30T23:00:00.000Z,,,ATL,MIL
15198,2025-03-30T23:00:00.000Z,,,DET,MIN
15199,2025-03-30T23:00:00.000Z,,,CHA,NOP
15200,2025-03-30T23:00:00.000Z,,,GSW,SAS
15201,2025-03-30T23:30:00.000Z,,,TOR,PHI
15202,2025-03-31T01:00:00.000Z,,,HOU,PHX
15203,2025-03-31T23:00:00.000Z,,,UTA,CHA
15204,2025-03-31T23:00:00.000Z,,,SAC,IND
15205,2025-03-31T23:00:00.000Z,,,LAC,ORL
15206,2025-03-31T23:00:00.000Z,,,MIA,WAS
15207,2025-04-01T00:00:00.000Z,,,BOS,MEM
15208,2025-04-01T00:00:00.000Z,,,CHI,OKC
15209,2025-04-01T00:30:00.000Z,,,BKN,DAL
15210,2025-04-01T02:30:00.000Z,,,HOU,LAL
15211,2025-04-01T23:30:00.000Z,,,POR,ATL
15212,2025-04-01T23:30:00.000Z,,,PHI,NYK
15213,2025-04-02T00:00:00.000Z,,,TOR,CHI
15214,2025-04-02T00:00:00.000Z,,,GSW,MEM
15215,2025-04-02T00:00:00.000Z,,,PHX,MIL
15216,2025-04-02T02:00:00.000Z,,,MIN,DEN
15217,2025-04-02T23:00:00.000Z,,,NYK,CLE
15218,2025-04-02T23:00:00.000Z,,,CHA,IND
15219,2025-04-02T23:00:00.000Z,,,SAC,WAS
15220,2025-04-02T23:30:00.000Z,,,MIA,BOS
15221,2025-04-03T00:00:00.000Z,,,UTA,HOU
15222,2025-04-03T00:00:00.000Z,,,DET,OKC
15223,2025-04-03T00:30:00.000Z,,,ATL,DAL
15224,2025-04-03T01:00:00.000Z,,,SAS,DEN
15225,2025-04-03T02:00:00.000Z,,,NOP,LAC
15226,2025-04-03T23:00:00.000Z,,,ORL,WAS
15227,2025-04-03T23:30:00.000Z,,,MIN,BKN
15228,2025-04-03T23:30:00.000Z,,,MEM,MIA
15229,2025-04-03T23:30:00.000Z,,,MIL,PHI
15230,2025-04-03T23:30:00.000Z,,,POR,TOR
15231,2025-04-04T02:00:00.000Z,,,GSW,LAL
15232,2025-04-04T23:00:00.000Z,,,SAC,CHA
15233,2025-04-04T23:00:00.000Z,,,UTA,IND
15234,2025-04-04T23:30:00.000Z,,,PHX,BOS
15235,2025-04-04T23:30:00.000Z,,,DET,TOR
15236,2025-04-05T00:00:00.000Z,,,POR,CHI
15237,2025-04-05T00:00:00.000Z,,,OKC,HOU
15238,2025-04-05T00:00:00.000Z,,,CLE,SAS
15239,2025-04-05T02:00:00.000Z,,,DEN,GSW
15240,2025-04-05T02:30:00.000Z,,,NOP,LAL
15241,2025-04-05T02:30:00.000Z,,,DAL,LAC
15242,2025-04-05T19:00:00.000Z,,,NYK,ATL
15243,2025-04-05T23:00:00.000Z,,,MEM,DET
15244,2025-04-05T23:00:00.000Z,,,MIN,PHI
15245,2025-04-06T00:00:00.000Z,,,MIL,MIA
15246,2025-04-06T02:30:00.000Z,,,DAL,LAC
15247,2025-04-06T17:00:00.000Z,,,CHI,CHA
15248,2025-04-06T19:30:00.000Z,,,TOR,BKN
15249,2025-04-06T19:30:00.000Z,,,LAL,OKC
15250,2025-04-06T22:00:00.000Z,,,UTA,ATL
15251,2025-04-06T22:00:00.000Z,,,WAS,BOS
15252,2025-04-06T22:00:00.000Z,,,SAC,CLE
15253,2025-04-06T22:00:00.000Z,,,SAS,POR
15254,2025-04-06T23:00:00.000Z,,,PHX,NYK
15255,2025-04-06T23:00:00.000Z,,,ORL,NOP
15256,2025-04-07T00:00:00.000Z,,,IND,DEN
15257,2025-04-07T00:30:00.000Z,,,HOU,GSW
15258,2025-04-07T23:00:00.000Z,,,SAC,DET
15259,2025-04-07T23:30:00.000Z,,,PHI,MIA
15260,2025-04-08T23:00:00.000Z,,,MEM,CHA
15261,2025-04-08T23:00:00.000Z,,,CHI,CLE
15262,2025-04-08T23:00:00.000Z,,,WAS,IND
15263,2025-04-08T23:00:00.000Z,,,ATL,ORL
15264,2025-04-08T23:30:00.000Z,,,NOP,BKN
15265,2025-04-08T23:30:00.000Z,,,BOS,NYK
15266,2025-04-09T00:00:00.000Z,,,MIN,MIL
15267,2025-04-09T00:00:00.000Z,,,LAL,OKC
15268,2025-04-09T02:00:00.000Z,,,GSW,PHX
15269,2025-04-09T02:30:00.000Z,,,SAS,LAC
15270,2025-04-09T23:00:00.000Z,,,BOS,ORL
15271,2025-04-09T23:00:00.000Z,,,PHI,WAS
15272,2025-04-09T23:30:00.000Z,,,CHA,TOR
15273,2025-04-09T23:30:00.000Z,,,LAL,DAL
15274,2025-04-10T00:00:00.000Z,,,MIA,CHI
15275,2025-04-10T00:00:00.000Z,,,NOP,MIL
15276,2025-04-10T01:00:00.000Z,,,POR,UTA
15277,2025-04-10T02:00:00.000Z,,,SAS,GSW
15278,2025-04-10T02:00:00.000Z,,,OKC,PHX
15279,2025-04-10T02:00:00.000Z,,,DEN,SAC
15280,2025-04-10T02:30:00.000Z,,,HOU,LAC
15281,2025-04-10T23:00:00.000Z,,,NYK,DET
15282,2025-04-10T23:00:00.000Z,,,CLE,IND
15283,2025-04-10T23:30:00.000Z,,,ATL,BKN
15284,2025-04-11T01:30:00.000Z,,,MIN,MEM
15285,2025-04-11T23:00:00.000Z,,,MIL,DET
15286,2025-04-11T23:00:00.000Z,,,ORL,IND
15287,2025-04-11T23:00:00.000Z,,,ATL,PHI
15288,2025-04-11T23:30:00.000Z,,,CHA,BOS
15289,2025-04-11T23:30:00.000Z,,,CLE,NYK
15290,2025-04-12T00:00:00.000Z,,,WAS,CHI
15291,2025-04-12T00:00:00.000Z,,,MIA,NOP
15292,2025-04-12T00:30:00.000Z,,,TOR,DAL
15293,2025-04-12T01:00:00.000Z,,,BKN,MIN
15294,2025-04-12T01:00:00.000Z,,,MEM,DEN
15295,2025-04-12T01:30:00.000Z,,,OKC,UTA
15296,2025-04-12T02:00:00.000Z,,,SAS,PHX
15297,2025-04-12T02:00:00.000Z,,,GSW,POR
15298,2025-04-12T02:00:00.000Z,,,LAC,SAC
15299,2025-04-12T02:30:00.000Z,,,HOU,LAL
15300,2025-04-13T17:00:00.000Z,,,ORL,ATL
15301,2025-04-13T17:00:00.000Z,,,CHA,BOS
15302,2025-04-13T17:00:00.000Z,,,NYK,BKN
15303,2025-04-13T17:00:00.000Z,,,IND,CLE
15304,2025-04-13T17:00:00.000Z,,,WAS,MIA
15305,2025-04-13T17:00:00.000Z,,,CHI,PHI
15306,2025-04-13T17:00:00.000Z,,,DET,MIL
15307,2025-04-13T19:30:00.000Z,,,DEN,HOU
15308,2025-04-13T19:30:00.000Z,,,DAL,MEM
15309,2025-04-13T19:30:00.000Z,,,UTA,MIN
15310,2025-04-13T19:30:00.000Z,,,OKC,NOP
15311,2025-04-13T19:30:00.000Z,,,TOR,SAS
15312,2025-04-13T19:30:00.000Z,,,LAC,GSW
15313,2025-04-13T19:30:00.000Z,,,LAL,POR
15314,2025-04-13T19:30:00.000Z,,,PHX,SAC
15315,2024-10-05T01:00:00.000Z,87.0,116.0,BNZ,UTA
15316,2024-10-11T00:00:00.000Z,89.0,117.0,BNZ,OKC
15317,2024-12-11T00:00:00.000Z,109.0,114.0,ORL,MIL
15318,2024-12-11T02:30:00.000Z,104.0,118.0,DAL,OKC
15319,2024-12-12T00:00:00.000Z,108.0,100.0,ATL,NYK
15320,2024-12-12T02:30:00.000Z,90.0,91.0,GSW,HOU
15321,2024-12-13T00:30:00.000Z,99.0,123.0,DET,BOS
15322,2024-12-13T00:30:00.000Z,104.0,114.0,TOR,MIA
15323,2024-12-13T01:00:00.000Z,111.0,109.0,SAC,NOP
15324,2024-12-14T00:00:00.000Z,105.0,115.0,WAS,CLE
15325,2024-12-14T00:00:00.000Z,121.0,107.0,IND,PHI
15326,2024-12-14T01:00:00.000Z,87.0,97.0,LAL,MIN
15327,2024-12-14T01:00:00.000Z,119.0,135.0,BKN,MEM
15328,2024-12-14T01:00:00.000Z,95.0,109.0,CHA,CHI
15329,2024-12-14T02:00:00.000Z,98.0,120.0,LAC,DEN
15330,2024-12-14T02:30:00.000Z,134.0,126.0,PHX,UTA
15331,2024-12-14T03:00:00.000Z,118.0,116.0,SAS,POR
15332,2024-12-15T22:00:00.000Z,104.0,119.0,NOP,IND
15333,2024-12-15T23:00:00.000Z,112.0,98.0,BOS,WAS
15334,2024-12-16T00:00:00.000Z,106.0,92.0,MIN,SAS
15335,2024-12-16T01:00:00.000Z,109.0,116.0,POR,PHX
15336,2024-12-16T02:30:00.000Z,110.0,116.0,MEM,LAL
15337,2024-12-17T00:00:00.000Z,121.0,108.0,PHI,CHA
15338,2024-12-17T00:00:00.000Z,124.0,125.0,MIA,DET
15339,2024-12-17T00:30:00.000Z,122.0,121.0,CHI,TOR
15340,2024-12-17T00:30:00.000Z,130.0,101.0,CLE,BKN
15341,2024-12-17T03:00:00.000Z,130.0,129.0,DEN,SAC
15342,2024-12-17T03:30:00.000Z,107.0,144.0,UTA,LAC
15343,2024-12-14T21:30:00.000Z,102.0,110.0,ATL,MIL
15344,2024-12-15T01:30:00.000Z,96.0,111.0,HOU,OKC
15345,2024-12-15T23:00:00.000Z,100.0,91.0,NYK,ORL
15346,2024-12-16T01:30:00.000Z,143.0,133.0,DAL,GSW
15347,2024-12-18T01:30:00.000Z,97.0,81.0,MIL,OKC
