player_name,team.code,location,predicted_assists_mean,predicted_assists_median,predicted_assists_std,predicted_assists_95th_percentile,predicted_points_mean,predicted_points_median,predicted_points_std,predicted_points_95th_percentile,predicted_rebounds_mean,predicted_rebounds_median,predicted_rebounds_std,predicted_rebounds_95th_percentile
Aaron Gordon,DEN,visitor,2.6081621928293206,2.508655902114283,0.8113497007946278,4.046429500029422,11.958978055903696,11.741799017964432,4.083881114198735,19.054444947871463,4.399151460329837,4.417004949966731,1.0881340255656828,6.099962804401267
Christian Braun,DEN,visitor,2.872665008652933,2.6619090596115136,0.7179960826417492,4.083167813016554,13.88273984409004,13.994538521475125,3.6812466423612524,20.460805641751975,4.658555523335461,4.637446527231946,0.908785324532825,6.114598115006762
Dario Saric,DEN,visitor,1.5186450662977344,1.3207693798482316,0.708631338575977,2.7149002064894736,6.5832459060653425,6.122467250423495,2.835246673110782,12.445553761153068,3.0302709935211314,2.95856381214659,0.9497344307942195,4.759871786196128
DeAndre Jordan,DEN,visitor,1.0178281543072827,0.8722172768065287,0.3147316966509022,1.5605209562384597,4.798402728257344,4.791878753517826,1.323146065707383,7.023469928969432,3.5104659146112307,3.5528689389057586,0.6457726790437268,4.503070799105264
Hunter Tyson,DEN,visitor,1.4362587189521565,1.260755913851491,0.5347424713101455,2.3497416154572552,6.337951787208898,6.176566146370208,2.386627235856907,11.1590389849483,3.029968957443651,2.966615285611474,0.8220402427094358,4.706349674727409
Jahmir Young,DEN,visitor,1.1250026750326036,1.1250026750326036,0.0,1.1250026750326036,5.41279831749033,5.4127983174903305,8.881784197001252e-16,5.4127983174903305,2.6169563662418733,2.6169563662418738,4.440892098500626e-16,2.6169563662418738
Jalen Pickett,DEN,visitor,1.4352752915351796,1.3961658889525141,0.3487465540360979,2.028696827798423,4.832550203144821,4.403946346774492,1.2540036106606005,7.063177840887031,2.3459211628758885,2.274704012066443,0.4103600220924533,3.1309138563296717
Jamal Murray,DEN,visitor,4.0812823133087885,4.07483680849192,1.6769172519058304,6.663896573429995,14.801638812296359,14.68134838112195,5.186507876017958,24.958163019154625,4.614010233633251,4.460952669215401,1.0663673556640147,6.563095862971686
Julian Strawther,DEN,visitor,1.8041620434628667,1.8192412650497038,0.520888262494786,2.6149474698291413,8.188970038167644,7.8545436818435,2.3878450024823143,12.332300471976305,3.199376853943947,3.1368410407044607,0.7273537098807321,4.476783294760887
Michael Porter Jr.,DEN,visitor,3.3450826413454915,3.476685865782125,0.7234091076322317,4.560808014890714,16.170777204331777,15.771470363141251,3.837042354246441,23.133225503982413,5.454337717380975,5.415769538610213,0.8735369118593113,6.853836865329185
Nikola Jokic,DEN,visitor,5.711767410904355,5.5196014292380156,1.4872854282571133,8.00055830179058,24.18134531299102,23.89579089134463,6.894080503579797,38.12738337905137,7.881945974242481,7.552593283082189,1.496998682180522,10.405383424740906
Peyton Watson,DEN,visitor,2.1132997032852825,2.19100261362891,0.8097142127887388,3.6291178988200374,9.471103366551485,9.053190614591903,3.8898898548724237,15.993437711225713,3.6498525471923595,3.6042091963724276,0.9602494743963501,5.358726319968588
Russell Westbrook,DEN,visitor,4.203103627269715,4.186246344644812,1.264500758513578,6.009069622178881,11.356980232247077,11.413295200405026,3.5585832011478304,17.866045296760735,4.224534679761999,4.146204949865794,1.0561184873799006,5.939288806696155
Spencer Jones,DEN,visitor,0.6811114572040922,0.6811114572040919,2.220446049250313e-16,0.6811114572040919,2.200894124110253,2.2008941241102535,4.440892098500626e-16,2.2008941241102535,1.470065157496268,1.4700651574962682,2.220446049250313e-16,1.4700651574962682
Trey Alexander,DEN,visitor,1.6306929950474232,1.4278161924340518,0.7019742988253939,2.7526794495880305,6.900355129225999,6.517948786323908,2.6589252405542947,11.85220048983628,3.0833961356723574,2.9999277344103987,0.8716756953006156,4.7045549682582815
Vlatko Cancar,DEN,visitor,1.331883543494468,1.3315683482369771,0.307741082380801,1.9288044569211662,5.158922826042896,4.881403994829174,1.6737711823799417,7.9596466310557075,2.346385733728228,2.25971797845386,0.4857559341910837,3.3042537277244124
Zeke Nnaji,DEN,visitor,1.3058651614369379,1.092094554242402,0.621914203779462,2.4896860506063985,5.743597741981443,5.812031293999102,2.432848918832607,10.45801258409886,2.7963097158750454,2.83632217241612,0.9090011601890351,4.364697206026512
Adem Bona,PHI,visitor,0.9326220804693323,0.8620080647323264,0.20955604499686808,1.3382364710001537,4.1983925412874745,3.944400171141674,1.2677455877085695,6.548559616175113,2.5875188063836316,2.661696518774421,0.5758741592364844,3.664716725115275
Andre Drummond,PHI,visitor,2.087749874899998,1.9777282058557368,0.8950758023849167,3.857268618141752,10.266996340011827,10.002556325661299,4.297653564235814,18.415502932572604,6.027798799196918,5.139530456486295,2.43787170949701,10.068341576311019
Caleb Martin,PHI,visitor,2.0974157567757867,2.0306794547914033,0.8075683223123414,3.577295716172976,9.609950447519216,9.123848013483048,3.946807074852833,16.6844112019784,3.8844220198459727,3.514358376759703,1.4123430502194594,6.595369419118587
Eric Gordon,PHI,visitor,1.2610097454648361,1.1969314513199165,0.3702706291676281,1.9205337736546393,5.639668074136731,5.685858344683401,1.93855276722248,9.133335981328543,2.460445657929885,2.368771620808324,0.6209336253794364,3.4977493144073537
Guerschon Yabusele,PHI,visitor,2.0121487729202814,1.9468706262903406,0.7926051623448109,3.6121659288612693,9.638246180497863,9.305841050800332,3.7868393949559755,16.326335517866138,4.201890957551084,4.043141075461998,1.3741771767214377,6.500442700498162
Jared McCain,PHI,visitor,2.493908568965556,2.4520421668156374,0.9361412520480358,4.188534517821428,12.765519910347582,13.180228142047937,5.009095445720943,20.370095435737614,4.144505504533054,3.9968142236940674,1.0492995059472654,5.84814776773424
Jeff Dowtin,PHI,visitor,1.5909690628417212,1.5488006978113595,0.480125168124896,2.4369579004255937,7.241799245760961,6.9637529114176235,2.5999392484259967,11.83717768905888,3.0928429151551726,2.9928699977107707,0.8664450365595282,4.834134999457757
Joel Embiid,PHI,visitor,3.5452256855617184,3.626162706824794,1.016401296797629,5.253868072531387,17.069023437383578,16.53543511960699,4.683438466297202,26.021263063601072,5.595985691876371,5.529840664672008,1.092865094605835,7.517354205571055
Justin Edwards,PHI,visitor,1.5376887223304134,1.3053159314745575,0.8105434163916304,2.9893441168660417,7.228729903093903,6.155643681849571,4.2372119908272605,15.720081856169184,2.9040474731808024,2.6620353546978395,1.211583055072489,5.149320704995871
Kelly Oubre Jr.,PHI,visitor,2.6290948427517518,2.52251022346006,0.6171900815977014,3.677284043911125,13.655693982124681,13.01332921624818,3.431957082021128,19.351586849233865,4.509567982458164,4.397830326993923,0.7095159615154217,5.6919473893054535
Kenyon Martin Jr.,PHI,visitor,1.8532958303508003,1.8191621625687149,0.5332000382356505,2.588247601304984,8.583764939697422,8.077859474400109,2.6944111818542775,13.681413391246881,3.5958756999449495,3.507342060241899,0.8395162038611734,5.160238078977609
Kyle Lowry,PHI,visitor,1.7366802749743502,1.6605481997388765,0.5648923473406957,2.8563041062405565,7.199474515853987,7.02499948623097,2.8306518779090815,12.243485926875932,2.9426313736461838,2.9609515667319113,0.7617441754311335,4.43579341687566
Lester Quinones,PHI,visitor,1.1673069512417167,1.0924007584913873,0.34628460475756734,1.740604107346154,5.6145694273966145,5.592797113107209,1.7837721062065108,8.898841411366663,2.652568485349714,2.5314136206390723,0.6965652356347064,3.8828202743596067
Paul George,PHI,visitor,3.458957711759774,3.588488641925719,1.0502426202159958,5.077965685259698,14.710183176959006,14.716808280400663,4.040312058588395,21.483108373106223,4.861677479152987,4.9405531107293275,0.9393715262444564,6.433768959308098
Reggie Jackson,PHI,visitor,1.479057195433384,1.4937108026425978,0.45340969342499166,2.35084025615291,6.5639699951873185,6.294252165782012,2.3896624778001785,11.027476012699562,2.912868908805759,2.8978931736065627,0.8322336272316162,4.36676946131011
Ricky IV Council,PHI,visitor,1.351076497756975,1.237051710266278,0.48903376355188116,2.311967776820695,6.209053608656724,5.888233823263408,2.578331856880308,11.357709007249733,2.695417065410678,2.57357254363183,0.9022859787900498,4.213233387640291
Tyrese Maxey,PHI,visitor,3.970519351960203,3.7499148948519245,1.1623520868708668,6.067158888038279,20.36215858486474,19.65865935478272,5.856629872146946,30.158442038916725,5.273750244972198,5.366174514057315,0.8439907957252382,6.82967160564498
Alex Len,SAC,home,1.2306563260427414,1.1233556100347353,0.4119303530902217,2.0236641228358008,5.7650288685211475,5.831200159197347,2.023890105601541,9.592737529341303,3.676240439361972,3.8221381803174577,0.9173518094007924,5.007382936926999
Boogie Ellis,SAC,home,0.8575055358259496,0.8118305226883917,0.13866860811415335,1.125232456826129,4.124864801977685,3.7316100996414154,1.2400650161914533,6.247928766060109,2.019978746205763,2.103664768628535,0.37950112135801994,2.686134066541476
Colby Jones,SAC,home,1.0357139128927715,0.9853666977764118,0.2545071933612846,1.535220451892752,4.635256463810378,4.49007516732957,1.508037288485567,7.015563175398893,2.3266428298775224,2.239401931123414,0.4439154388654445,3.107268308468032
De'Aaron Fox,SAC,home,4.277781283617076,4.3890115398685605,0.8185764290250789,5.2203887745267155,20.280205057400156,19.664205647391064,4.0281742111376,29.30830728529738,5.62257129284798,5.711033263381562,0.7065621089270211,6.6645862350953164
DeMar DeRozan,SAC,home,3.7094169174372333,3.6774337907909107,0.7730439256975045,4.785565672222801,19.07074635223801,19.606409875268916,4.787787436394337,26.658760700095367,5.0280527864785975,4.837077371552812,0.8043079049618489,6.409465186245807
Domantas Sabonis,SAC,home,4.765069279810561,4.785245635478533,0.7774579630118422,5.909136214586882,21.515198375087465,20.93947674703572,4.316811079069652,28.33198042513935,8.379717560976205,8.567067652904571,1.5145771078296746,10.921613767459498
Doug McDermott,SAC,home,1.0544613170632393,1.0308436446778473,0.2580623260757044,1.6954071029969289,4.83223219176912,4.589089285507768,1.38694795683457,7.034464209484093,2.352877903528657,2.2598437902461743,0.4170008119300305,3.0567713165807957
Isaac Jones,SAC,home,1.464141365571997,1.4513445730349654,0.4182905505140939,2.227713008471622,6.975976018982484,6.850124272983878,1.9419686504570497,10.169152078135333,3.166283131336203,3.1728792037907114,0.6399108425717946,4.272780915646268
Isaiah Crawford,SAC,home,0.9826286323832403,0.9110849411270538,0.21737047622154249,1.414776123464416,4.513026234544547,4.273566956799569,1.3710691770241237,6.828817975219042,2.5450226789646524,2.6727264799716135,0.4477251941067868,3.1472228075453716
Jae Crowder,SAC,home,1.321093268237901,1.1313925936720626,0.5814077346819543,2.4780593311177364,6.0688370798531235,5.894366900207821,2.8334141449448924,11.350037287921893,2.7381839089316617,2.6876305275388743,0.8201898712655995,4.164083288677125
Jordan McLaughlin,SAC,home,1.7658342452463307,1.7405398962871126,0.6679084411342371,2.7675224451434137,7.8175226828685025,7.330443455764968,2.847749580117324,13.45881045096186,3.391374743678319,3.353938906674373,0.9317819750320531,5.087041649830934
Keegan Murray,SAC,home,2.998163814465553,2.852836148908366,0.5793704119039977,4.128079638740316,14.226655871691262,14.15462582277881,3.0027623414762767,19.68208598469921,6.183022195200834,5.793035472117433,1.5640031522966114,9.118139011665484
Keon Ellis,SAC,home,1.6473274899578707,1.5986197308699264,0.6730118491323783,2.720642966242265,7.512173489912927,7.00955043432339,3.0689312858049953,13.646827870811078,3.1499303177763402,3.1694461485391674,0.8941308098910984,4.867746634631835
Kevin Huerter,SAC,home,2.0104783345145947,2.0203935855892405,0.6433178400858264,2.840462469375699,9.075534044053944,8.7218822067798,2.72724279809071,14.16033052934208,3.599233532571936,3.530751487126749,0.7108947929349503,4.87786006365077
Malik Monk,SAC,home,3.139984224786965,2.9404813570084123,1.164067665928203,5.418154551672851,13.098701222978615,12.36571873497017,4.481825966154784,21.517497931122225,4.384996711681098,4.337509849021,0.961805540217636,6.091663691870886
Mason Jones,SAC,home,1.2137849199068433,1.1492393370889162,0.23341416770013354,1.6739342508231416,5.969153157547177,6.160639492529505,1.1223653355841585,7.932172175378186,2.65410854055433,2.6700626630910893,0.4383824947516003,3.4417427149744357
Orlando Robinson,SAC,home,0.8887430565542408,0.895910550394499,0.04312631246242337,0.9727885575501715,3.6119671755080445,3.6194439758377435,0.1418116248066757,3.821318755464527,2.5696705304505043,2.6538456574407707,0.3013347936259555,3.0826863979534322
Trey Lyles,SAC,home,1.5351456959988412,1.4019759191826138,0.6575352901099284,2.7043760351998967,7.043249660047382,6.809574644908009,2.988614093951857,12.306114664137123,3.0642402920097704,3.1187478447525407,0.821128135990989,4.45446267756134
Alex Sarr,WAS,home,2.7757209179430125,2.6922221235651573,0.5310643464028248,4.000206910121715,12.252487615897786,11.955980408236837,2.3583016743156784,15.974362550759917,4.772094186456959,4.705737143774661,0.828038429283478,5.995057621356892
Anthony Gill,WAS,home,1.1531125177118073,1.0899769313747179,0.337601530242555,1.7409690158483984,5.6255179708308125,5.407511627079705,1.6785545097529058,8.376825315190308,2.58592100567081,2.6101781207486896,0.5837540880498059,3.6445974833275527
Bilal Coulibaly,WAS,home,3.529659958486554,3.6987690171867578,0.8171787871511492,4.722398959505701,14.891678395370546,15.044698010705389,3.0784721464541107,19.582889963913704,5.169115239916943,4.97260647989838,0.7737333712474194,6.542891463774144
Bub Carrington,WAS,home,2.7108067234990267,2.5918128632583612,0.9463363377086864,4.731850533624092,10.85255652036679,10.941562082488705,3.0144814017307504,15.225152934831518,3.9871809890532477,3.8517347305115326,0.8471141192105577,5.51930622249407
Corey Kispert,WAS,home,2.30972329496755,2.3364142235501095,0.5973310614439407,3.5166186369969497,10.189388510338091,9.610143675378449,2.5703479798943447,15.016278368258993,3.766685480016725,3.628206506128592,0.6654434469593391,5.03257699845674
Jared Butler,WAS,home,1.8614927302075421,1.8108662116111325,0.7514879479715142,3.2646229364046997,7.4073617845963105,7.20611174667094,2.7871930664636495,12.06874417231332,3.2108938513745535,3.1846481660254335,1.041646356205066,5.100651302702092
Jaylen Nowell,WAS,home,2.0300991965650073,1.98144058352865,0.7375930389120942,3.1346722543681493,8.834275789591029,8.270478053735426,3.1600792874289074,15.073020473596038,3.382393815555232,3.4705855412513547,0.8804390858286111,4.87968522030766
Johnny Davis,WAS,home,1.415796591610468,1.2889784097592658,0.613201964933762,2.660726326990348,6.765434513102058,6.514283944481626,2.863393755120686,12.088905674802836,3.0325240310429837,2.864392333996676,1.0766563088625944,5.037869096489138
Jonas Valanciunas,WAS,home,2.029781376463879,1.8878931672142036,0.6341472620484833,3.0598288788853716,9.653713754466484,9.502411829909471,2.595006391902942,14.119677694453468,5.114241234006354,5.060343008720557,1.2689470079382947,7.451185445183638
Jordan Poole,WAS,home,3.5022406355586946,3.3908220659058586,0.9449286973002626,4.822167301534166,15.404095708414971,15.243473773724514,4.963870775210183,24.096182699940414,4.366145399531759,4.244899698235565,0.8718444370121181,5.92296291283854
Justin Champagnie,WAS,home,2.3746257251370753,2.474588550578311,1.08170204536357,4.33942595598441,10.824929442470365,10.386657049489262,5.0144508167145325,20.31604729812221,4.052396242201296,4.016370720168858,1.2983589901933752,6.158140056433866
Kyle Kuzma,WAS,home,2.2959528837056915,2.312302432935456,0.698598215903953,3.84928566051753,11.300175011377698,10.929142688739434,3.0577247513081067,16.253807927888,4.133077255708186,4.013512868533759,0.879929038616546,5.6170561688768155
Kyshawn George,WAS,home,2.430809240757519,2.5602007175043426,0.8310134362118898,3.968900379428536,9.830317454764401,9.571416395254793,3.6710209535675813,16.119396619150866,3.839603999512349,3.7913606532286375,0.9118055999976533,5.513890408708492
Malcolm Brogdon,WAS,home,2.5699926061834844,2.6298812785027366,0.7450061413767963,4.163817483271126,11.189067307939958,11.222779362484768,3.2798557397155688,16.7263539872728,4.398935827258302,4.173861027302323,1.2122518962929936,6.588370949437892
Marvin Bagley III,WAS,home,1.551320368427416,1.4387244915872077,0.6486288491734578,2.8031174405048236,7.79547002012989,7.27683655629092,2.795748754531814,13.3815486654001,3.5767310891596424,3.5763246839984544,1.1259680574940114,5.46194278560133
Patrick Baldwin Jr.,WAS,home,1.1098399876938227,0.9823911619061667,0.36200249323616823,1.7608675236582352,5.347203611012174,5.098875348255407,1.9062113575809203,8.724667387042105,2.557426921828268,2.402304007973696,0.7046986187022581,3.8112817406864075
Richaun Holmes,WAS,home,1.184200094766451,1.2220931157826387,0.2445366724279901,1.646005295901754,6.113383389521365,6.2489977909085725,1.186677095968348,7.98471743098243,3.052801584897523,3.102832398778853,0.5256268171296018,3.8416286367664134
Alondes Williams,LAC,visitor,2.121499264189488,2.451043765561062,0.933828426372472,3.574654566017967,6.4902090694183565,6.698338356703083,2.039672546258439,9.668853772978874,3.0804020951528748,3.0856027156919983,0.9969677155510998,4.938407520415039
Amir Coffey,LAC,visitor,1.791762781850786,1.7422951340580641,0.5930157674281044,2.705873209858847,8.638024788732938,8.296659505633134,2.819325660357023,13.297417573083816,3.308770655952031,3.386634044520598,0.7654761966465587,4.579601328435859
Bones Hyland,LAC,visitor,1.2771613267623976,1.1686873097655677,0.519265905586183,2.311865151930059,6.838075767821049,7.119217543674111,2.6546130866063384,11.318622170449505,2.6734330356974243,2.5255910175412604,0.706491865620327,3.8988666396738707
Cam Christie,LAC,visitor,0.8906258368809936,0.7981813978366832,0.15862362205513594,1.1762019090076232,3.8249369815427228,3.6259418076408774,1.0345747470756397,5.7798174782164065,2.037855925449587,2.025280037923141,0.24302084113851052,2.6140116491307435
Derrick Jones Jr.,LAC,visitor,1.8526875714700581,1.7551258646587318,0.6526671655325201,2.9149069468560533,9.017728001580403,8.58362721060999,3.209127410792944,14.37959612189725,3.512969150464983,3.449467446190668,0.931292713223814,5.1622491140691515
Ivica Zubac,LAC,visitor,3.3779205852439476,3.52624661686723,0.9111488502960711,4.869325633163118,16.64780566973348,15.96584073521656,4.96703044849553,26.593144690823433,8.391106281339372,8.730086385603554,1.9016689405956253,10.686552040233542
James Harden,LAC,visitor,6.609458365663916,6.773428092115477,1.8418750427986992,9.396436461354853,17.640633573686603,17.163458484550368,5.260910812590182,27.848930578148313,5.887704800120904,5.608263456029027,1.5762310931664771,8.750794995904151
Jordan Miller,LAC,visitor,1.8095051060054088,1.7312683369911013,0.6975361405175847,2.7717169212656385,9.03870900723455,8.806653451700619,3.24639528920159,14.822632173821244,3.5127034054918385,3.425754115839285,1.0272085790544832,5.364181140427554
Kai Jones,LAC,visitor,1.654069280004468,1.631574068548468,0.6685216206495603,2.7063800179404898,8.124996926912912,7.3008351268158025,2.951198728889574,13.941527628863339,3.3472652840560264,3.3025914591401504,0.9131619420076476,5.08971693229886
Kevin Porter Jr.,LAC,visitor,2.1495873730925594,2.0350853669209568,0.8771336286140218,3.593977565241506,7.952663128048193,7.400638500868502,2.486841486045815,12.533950414171793,3.3195146124327275,3.3259048286242985,0.9609784308251468,4.964706123871592
Kobe Brown,LAC,visitor,2.21719268782737,2.1538202023543187,0.7947221305482894,3.738742809876405,10.591181875152243,10.147245790970322,3.7430234203073467,16.72381990581355,4.213320338435747,4.067889588682036,0.980587151017221,5.740943236776913
Kris Dunn,LAC,visitor,1.9089178436317729,1.9286839204299349,0.5530402688002722,2.761581527049766,7.7531467353754335,6.946062728720792,2.425625632299467,12.220824368525562,3.380387495879425,3.395388957095877,0.7592353502702526,4.820701430637746
Mo Bamba,LAC,visitor,1.3247448672912414,1.320897821190627,0.3360268377870988,1.7776189776524498,6.4754117283101165,6.581026468229661,1.2336682617301127,8.424558909097739,3.126903265087402,3.1525079169432093,0.685733968947138,3.971700726282157
Nate Darling,LAC,visitor,0.8701664188917937,0.8962228165361332,0.059908447812758364,0.939597828349878,4.447445298157393,4.319359712197885,0.5606923833161,5.377502996680613,1.994509259082712,2.0050738136883677,0.0847583448573262,2.1604157305221836
Nicolas Batum,LAC,visitor,1.4388406114565992,1.3625279548324816,0.4104828701904249,2.2055352929973155,6.010163444476971,5.763158299678059,1.7686567143379672,9.404126594324959,2.849640716699208,2.7832308512886996,0.6054207616949817,3.786110115879808
Norman Powell,LAC,visitor,2.951652719332729,2.7809080420541212,0.8535776771739648,4.269769730882414,16.908092524635816,16.485841074934186,4.251895247101856,24.020826063435447,4.720215627627909,4.512975181914967,1.1243907178242107,6.864775816169243
RayJ Dennis,LAC,visitor,1.066609418291554,1.066609418291554,0.0,1.066609418291554,2.647718776911986,2.647718776911986,0.0,2.647718776911986,2.3214553722035345,2.321455372203534,4.440892098500626e-16,2.321455372203534
Terance Mann,LAC,visitor,1.5128438398997657,1.4149864128552885,0.5294944873291731,2.5154573018168414,7.12622169456496,6.673301743990619,2.5502437062522705,11.782923005253412,2.9888120899450965,2.991493253246057,0.7752191043604293,4.315590406768032
Andrew Wiggins,GSW,home,2.8324699927367125,2.7086117128434926,0.8886053741255426,4.223485427756413,13.055033169261359,12.250016417567934,3.8657621980924057,19.82084450737005,4.3724935141410155,4.369944062510834,0.9892143792520915,5.974289977993429
Brandin Podziemski,GSW,home,2.444239838575422,2.3811235836742015,0.8178810044469628,4.027101644414716,10.196487872757688,9.838541641714826,3.7655652043402594,17.137752697050185,4.027311172027443,3.8977700064588032,1.1173293655302856,5.950677143697614
Buddy Hield,GSW,home,1.6757460169669207,1.604892038925926,0.6046263427352522,2.6875399676308462,8.900253262155204,8.239030840661858,2.6250617462862653,13.53213835622429,3.1851896921992497,2.9741687476105074,0.9686754231121331,4.973975674015345
De'Anthony Melton,GSW,home,1.6646381259819873,1.7147960264662427,0.5909742116961391,2.6422862790921777,7.746409313180707,7.278776623137013,2.5906437682287464,12.276584762310094,3.1600955583394335,3.1368842482476933,0.8139494652290965,4.70185817201246
Draymond Green,GSW,home,3.8502079615779,3.804955824402521,1.0142456350802869,5.332328626140938,11.583475890609954,10.976745447019109,3.673764999070984,18.09456919493175,4.769046040564804,4.846350217378962,1.167070250415895,6.660191571573557
Gary Payton II,GSW,home,1.1750828736203207,1.1008560064186526,0.30815840960021623,1.7344732297758458,5.230490286451107,5.1863352937139044,1.7250852030351582,8.239112517432734,2.7766215690041407,2.8025936715822546,0.5666157012922354,3.6385053677572876
Gui Santos,GSW,home,0.9801894962819718,0.9765935349550535,0.06404196565831641,1.0633094414238524,2.9506476169143205,2.9172766391924343,0.6294068103135393,3.965524661912268,2.1420656274373586,2.232169528890339,0.4124747124257497,2.825841589711728
Jonathan Kuminga,GSW,home,2.235567102569961,2.159723182268092,0.7298984232090899,3.9398110993349533,11.006766516735158,10.95425068975294,3.0284204247514603,15.324923125437664,3.9697804626215567,3.8800969767114544,0.9079075651681788,5.513164538286439
Kevon Looney,GSW,home,1.5020991717788323,1.4518931306521616,0.5078445481567694,2.5160180365010447,6.792879537022318,6.594299585333896,1.9082749796157028,10.011133848237717,4.219823612835942,4.338261341549596,1.0695359336774144,5.921864137526138
Kyle Anderson,GSW,home,1.9840285120043195,2.116008673189203,0.5160508806366626,2.5734192145785006,6.758975699193254,6.62614543044333,1.561915374910946,9.444046617952303,3.2364592274736292,3.2440192082042962,0.6785083814629295,4.445282005971999
Lindy Waters III,GSW,home,1.3354411741822036,1.2437056773831543,0.4842963373196489,2.30543138540542,6.58288428831602,6.523573559034395,2.387823215518734,10.933268290024428,2.7679640510400727,2.638677714392727,0.8639475054291043,4.442888454387557
Moses Moody,GSW,home,1.390399227631952,1.2606072671642035,0.5154641506005343,2.396243886460692,8.093326625025432,7.967528688521639,3.3013283704334433,13.05195276220863,2.920556034658648,2.7171265314388227,0.9761306755774526,4.781036906669894
Pat Spencer,GSW,home,0.9068394331581844,0.8765267483414891,0.21420969645046956,1.3767818621442998,3.610905542004215,3.329534682119739,1.4838834563390422,6.276305209179697,2.33298896804582,2.2925035694101514,0.4820184603271623,3.1360315338384552
Q. Post,GSW,home,0.6836951035449614,0.6836951035449615,1.1102230246251565e-16,0.6836951035449615,2.360892301675022,2.3608923016750216,4.440892098500626e-16,2.3608923016750216,1.8537473207651554,1.8537473207651556,2.220446049250313e-16,1.8537473207651556
Reece Beekman,GSW,home,0.8949459838973665,0.8928323101795617,0.02048497871279219,0.9406935776576404,3.1897178319916812,3.1462331164691495,0.15905374016575646,3.436037499983189,1.8578385908066801,1.8674843376989319,0.18226770678534893,2.1912838942607995
Stephen Curry,GSW,home,3.565133837162982,3.6074644706755468,1.2895387595448717,5.355398033680906,14.700454413277827,14.34651219005402,5.468676568076446,24.920414907218564,4.636767020567752,4.6379574402396635,1.2283930582839295,6.804648460904139
Trayce JacksonDavis,GSW,home,2.01156785220106,1.9099715817260752,0.5520098151062134,2.9838413967966413,9.220946493619335,9.207483867123841,2.6769579999097775,13.80695572377121,4.093359178542583,3.8637138962592363,1.1179473677030531,6.146551784372349
Anfernee Simons,POR,home,3.249601746928,3.128937611698639,0.7871464797594733,4.608501123083808,13.951662332498868,14.018130705745634,4.1757678605656015,19.856353537534805,4.244535369410628,4.208889910113914,0.8191528196678657,5.666735620392901
Dalano Banton,POR,home,1.9477626038933689,1.8457624509737114,0.8769639935845144,3.6832012123983957,8.737277173335173,8.152921172085854,4.100487066993711,15.415501714962414,3.6428023979346302,3.4739591432337757,1.5335944483103439,6.915824915042593
Deandre Ayton,POR,home,2.9773246788438765,2.7986658229494727,0.6511161244644589,3.981728172733002,15.970698274697526,15.535124254703408,4.463570191306771,23.880410222721384,6.646195935830638,6.6514978782123055,1.633348056110516,8.9754388333339
Deni Avdija,POR,home,2.42397765334884,2.4612650720499833,0.6194754077528158,3.72161023774564,11.66586290880805,11.55119251292508,3.123524120761979,16.458221612351966,4.362065519945912,4.122754191932022,0.8387004008115735,5.74849486255107
Devonte' Graham,POR,home,1.2084308368262056,1.191193962593003,0.0731379783165917,1.3192876906215891,3.9023345554596154,3.888150218395974,0.9677527956294016,5.946806255998726,2.1175784049781434,2.1410316964837675,0.2815086285902239,2.5880286505226757
Donovan Clingan,POR,home,1.346882458190849,1.2412351125781473,0.47848698481487706,2.2990895659138193,6.874517419848226,6.3922061408306305,2.5059110418627717,11.354865351782246,3.6800023136745676,3.6955287974626634,1.1287474966022748,5.558092389513911
Duop Reath,POR,home,1.184758235554034,1.0019429456418525,0.45609790774272424,2.120508247665036,5.480224858803353,4.825516816185781,2.3637657288342546,9.671303974037906,2.4869373785890163,2.365248963005935,0.724314614703436,3.7534114463853814
Jabari Walker,POR,home,1.207838062230032,1.1699016581122175,0.3406809198442767,1.7835816744892956,5.367091339035471,4.850557133144543,2.178059769508709,9.635387307441421,2.635120027524107,2.5498309164735753,0.7147110748909712,3.8051129724375388
Jerami Grant,POR,home,2.8313046311945187,2.758877625791337,0.8777133798776912,4.221956589658828,13.489282304232246,13.390184289957826,4.450895295402807,21.530224702702537,4.367555569645867,4.3822364151442414,0.9599023653299762,6.025296878528873
Kris Murray,POR,home,1.3922670380844475,1.3009543392090626,0.4311707245805006,2.2865105870626525,6.664649265440916,6.482516220381542,2.312139700390196,11.009063859828236,2.893758080797163,2.855726982538311,0.7293382786092097,4.223542429537363
R. Rupert,POR,home,1.41426245924558,1.285086357817035,0.42207234131204135,2.260186858889873,6.350466144437496,6.303507902145996,2.4368472291038783,11.02540556347115,2.7872581897158786,2.672721120675293,0.7159851367366402,3.9977405366545784
Robert Williams III,POR,home,1.8841748624302583,1.69858082215077,0.8011839199937654,3.556560883169543,9.307134869794776,9.14811897473184,3.547703137338853,15.02218674558665,4.228638613462759,3.9801441314755857,1.3852286406475331,7.005535206373581
Scoot Henderson,POR,home,3.775356051471219,3.8134316269988027,1.3414954155463295,6.484692784546374,10.972092939217946,10.676504736532106,2.720493428054652,15.928778932849209,3.9470679987860144,3.8052058695952966,0.7494317653903545,5.182235579331663
Shaedon Sharpe,POR,home,3.044356022011881,2.8936839208311045,0.7843714642037318,4.336230766813655,15.241185245980223,15.561019531244416,4.338028820017135,22.204882292207017,4.646068568926137,4.619781248146417,0.8959318422271824,6.133515221180323
Toumani Camara,POR,home,2.6114925427355757,2.5458437232607904,0.6228535134141545,3.690947134239503,12.295372851710942,12.219484518869205,3.2406675612747398,17.36001104848976,5.515709682554699,5.6928695864192935,0.8657692559176036,6.510082786354676
Antonio Reeves,NOP,home,1.5534819743787853,1.2980173718631978,0.822500082372463,3.0463254111178175,6.918484558298623,5.882101989838041,4.413518116319569,15.362829000391807,2.840113986525106,2.636298298913143,1.1472109450856438,4.963743997691829
Brandon Ingram,NOP,home,3.7354628409248125,3.8910339856755614,0.7170238865262225,4.689358855415742,16.870549827851104,16.653043302010555,4.289482294131957,24.296180561276618,5.169171057101408,5.094719790540317,0.8621586728269438,6.661984514425722
CJ McCollum,NOP,home,3.189171633262157,3.1193089179103217,0.8028796905166149,4.503519573535173,15.349974262165833,15.071420728936602,3.9913695631970354,22.04314010589393,4.792960916937447,4.738414284982327,0.7670008166227192,6.011755630562315
Daniel Theis,NOP,home,1.3817511461712382,1.3299917699018884,0.4003858082837582,2.0651536518850544,6.271615536127136,5.913195415894084,1.942782300972844,10.081838451286155,3.1766128964591562,3.2299107298161287,0.8689835500523914,4.583665864467934
Dejounte Murray,NOP,home,4.205745314018365,3.8517037537884304,1.567821296272195,6.245564381756242,14.891626605281848,15.01991306809358,4.437287124290842,22.357264477834207,5.066449776736328,5.102226885275002,0.8534074351926978,6.4782138814419366
Elfrid Payton,NOP,home,3.4402279946504213,3.401944387161816,1.4649216480764655,6.522912703706083,10.054407738743667,9.72826641842223,4.591734008501332,18.62771646822922,4.295533329057859,4.181106992237845,1.441552713025657,7.0273104072709085
Herbert Jones,NOP,home,2.5671695223875357,2.60260394537178,0.6552377021690361,3.736904232983995,11.508512455766125,11.466035578874676,3.163087972396836,16.850801625113277,4.164693733359286,4.130208199978414,0.6596999459700622,5.339318813847061
Jamal Cain,NOP,home,1.3762414888820136,1.2319743523465885,0.5370650518482563,2.448080052937133,6.23249922016663,6.01235756188157,2.4396260944461168,10.192773817236384,3.0252386071475765,2.9655678555352374,0.8667752707431781,4.38233142177361
Javonte Green,NOP,home,1.8271241048014752,1.7668195551927446,0.5756321781225717,2.7312935966547407,8.085902384386557,7.732090400921558,2.5334441365689098,12.692572779619775,3.6322745243986985,3.6891413223606246,0.8293353932458477,5.110260382048287
Jeremiah Robinson-Earl,NOP,home,1.9462028563792295,1.8166813312815806,0.790767227235122,3.600378771580346,8.793214220209952,8.238478885669366,3.6805697895040614,15.882166353432625,3.964777263516634,3.96477434547181,1.1408831777844772,5.668678396312987
Jordan Hawkins,NOP,home,1.8583257465749607,1.7667329766926452,0.7928539600347434,3.4695789207342655,8.695804007238626,8.371298929280174,3.74829040293445,15.901219331209466,3.434637736791993,3.532592346805453,0.9807433044625372,5.1441469089518534
Jose Alvarado,NOP,home,2.517697066799963,2.4720313106799265,0.8386039056492212,4.0247587013288415,9.974699626205066,9.118760417935029,5.018786310770744,19.56875948593787,3.8293691872441786,3.8387534743701246,1.183848777492091,5.803243447477043
Trey Jemison,NOP,home,1.0685102767075725,1.0220537772497411,0.24152015330745896,1.5741878711493364,4.88275411131374,4.921628117865348,1.1918532626810863,6.677416988982298,2.7291529717428467,2.3977929474359385,0.7118486858013776,4.099006211636041
Trey Murphy III,NOP,home,3.2444964709097066,3.177837418818286,0.6470357790406468,4.31370793845214,16.130972189086158,15.855499858452658,3.5905067940216067,22.27375845505946,4.93277912018831,4.853827673007924,0.7253185712105845,6.159163484252769
Yves Missi,NOP,home,2.4214050816361463,2.456543503310183,0.7039582052005904,3.6427704944960584,10.39207234159055,9.57511944475629,3.612915420212958,17.089366170696614,5.115887270937566,5.282789749985032,1.119469650072752,6.769687116544182
Zion Williamson,NOP,home,3.2662094346433572,2.946620483735214,1.1000388340499025,5.141932834036009,15.55386417617006,13.92426868414842,5.700177297122172,26.13134479789709,6.038856222267672,6.01436679046717,1.4183100249198095,8.513794809769811
Ariel Hukporti,NYK,visitor,1.6716670275475698,1.6004559554111493,0.7605616898740526,2.8306626475556147,7.713526916797036,7.207000259050313,3.7247509852142238,14.417301991831511,3.2607677884456217,3.283014532130257,1.0698411618954717,5.210146051331261
Cameron Payne,NYK,visitor,2.2695157512875235,2.4662875894291583,0.7217317670293583,3.1794269874136174,8.34940652004179,7.864642860158313,3.139315335246348,13.972235575579893,3.394296665043139,3.386033686038463,0.9002014490743275,5.131659414308308
Chuma Okeke,NYK,visitor,0.7793982281242576,0.7793982281242576,0.0,0.7793982281242576,2.272566310377012,2.2725663103770115,4.440892098500626e-16,2.2725663103770115,1.4111354416104296,1.411135441610429,6.661338147750939e-16,1.411135441610429
Jacob Toppin,NYK,visitor,0.7502274423561003,0.7502274423561002,1.1102230246251565e-16,0.7502274423561002,2.636348603233384,2.636348603233383,8.881784197001252e-16,2.636348603233383,2.452309909865019,2.4523099098650194,4.440892098500626e-16,2.4523099098650194
Jalen Brunson,NYK,visitor,6.172815547946058,6.874385790577696,2.0410588811989485,8.497705463595718,18.79473657161525,17.5746242077943,5.158461132084543,28.36904432589538,4.8442673481781275,4.933521183683343,0.6025006225522573,5.798994100291245
Jericho Sims,NYK,visitor,1.330073976180559,1.2572909037438778,0.4230539769576448,2.041712897613073,5.65094044640968,5.743469000910119,1.9599793356467428,8.906032737529861,3.443212561344371,3.2647956889768857,1.0680721442002372,5.657606658483837
Josh Hart,NYK,visitor,3.617956582965805,3.667517688846628,0.9538071704625456,5.185452974049745,15.222922987084774,15.859530610726058,3.424935581330333,20.81132596426202,6.05929165674232,6.036939435786055,1.5785329435905613,8.544882051803889
Karl-Anthony Towns,NYK,visitor,3.8321324746897267,3.8365262303458136,0.8063404616567833,5.391569178804975,21.07606197394958,19.913689350373915,6.276684922778784,31.3797041178321,9.193511498528766,9.610772819963163,1.973534942295175,12.318722057302177
Landry Shamet,NYK,visitor,2.039615956098624,2.0003975469056137,0.7293639467182744,3.467569442392803,9.593590904473801,9.0363843900172,3.7051274585572584,16.0383135484046,3.7754752496043684,3.58129045829768,1.0579157885586614,5.533913706890137
Mikal Bridges,NYK,visitor,3.1527140878159434,3.017202022787602,0.6958705110583283,4.4093659985632625,16.13609511755273,15.653069965486507,4.352895665302205,24.11098359616453,4.680196224973361,4.624070943142765,0.8175319457708068,6.0682547626814385
Miles McBride,NYK,visitor,2.5218957667082176,2.542216945302253,0.45625785615384784,3.2333757685519693,11.713760326003833,11.886549017328843,2.3445364947964955,15.10934585099607,3.7144654109234496,3.5064566440128364,0.6635144977549926,5.15072525448351
Moses Brown,NYK,visitor,0.9642993641023138,0.8789427264484664,0.24782749571851798,1.347776270635865,4.6892878395833035,4.614880935700047,2.0432826262143893,8.654650528597822,2.859037820187156,2.7989223575233666,1.1444569333905783,4.673801840629779
O.G. Anunoby,NYK,visitor,3.164384802383257,3.0296446383621087,0.7125231449453779,4.32225572086549,16.646631497275862,15.916157900257932,4.849938898385618,25.449163350501625,4.943234200021263,4.799080031598535,0.9712483033828836,6.797098133520211
Pacome Dadiet,NYK,visitor,1.3874140537822337,1.185977114764496,0.6354227167814894,2.609917833267271,6.390604880187753,5.811284223292445,3.199344277243653,12.539353678390176,2.863322714592886,2.7592569254675245,1.0388119808426994,4.98878055403561
Precious Achiuwa,NYK,visitor,2.017008319405101,1.9929662216372184,0.8424281825770811,3.627757395350579,9.46243073450872,8.770809010402946,4.367368333538957,16.473903463870666,4.1588476481404015,4.096106165651194,1.135600686013493,6.032574597730325
Tyler Kolek,NYK,visitor,1.3934378528320945,1.2907062888588965,0.48760629112627213,2.389481655376324,6.543737582814682,6.742159096407788,2.127642742518578,9.889499200455443,3.0326374908003118,3.017263547556195,0.8455742334795658,4.5043745053291735
Ayo Dosunmu,CHI,visitor,3.6641252615361912,3.4446399634281444,0.8823158129453313,5.136660098968835,13.37012009803424,12.82662138186512,4.0935479520976354,20.281928003972325,4.637466907708737,4.487040690295396,0.9396752537920987,6.4263351764071786
Chris Duarte,CHI,visitor,1.0505335847277681,0.8911888423621155,0.33797883189049605,1.7402543985213392,5.3530421600608316,5.26815980558309,1.3962059752220066,8.001025694946545,2.401640256810742,2.296928054287454,0.5308545567228421,3.30037374580766
Coby White,CHI,visitor,3.9057430154413706,3.9798645816542306,0.8826961729199261,4.9722416438894035,16.15839634931943,15.625968331788961,3.545795640368038,21.070057323163876,4.773586227408773,4.67704624024868,0.8263392667535806,6.301919588752827
Dalen Terry,CHI,visitor,1.371831402531002,1.215877601170344,0.5557772416516801,2.3338286054686317,5.295039167285805,4.809140203160139,1.8261400156479162,8.64127704808641,2.465617464071335,2.265296890013688,0.6933587840231196,3.676327750985993
E.J. Liddell,CHI,visitor,1.728872169453285,1.698269072753692,0.44356737809291547,2.4341814289889214,7.812400178897315,7.789642688342759,1.6804451341545834,10.825826141048134,3.379307824819598,3.4663008812350897,0.4034539723970799,3.8820056778203873
Jalen Smith,CHI,visitor,1.3691076580565258,1.278373939828275,0.35433214442406535,2.027777970904108,7.282147610283336,7.0836712779832,1.9035125675392963,10.213750491421756,4.425941409096027,4.482081939676476,0.6293512408022384,5.275063797291843
Jevon Carter,CHI,visitor,1.3852640946148613,1.2124626065527446,0.6715732190719339,2.57205972977707,6.531602826621645,6.202319513799643,2.603748323365562,11.42856225626874,2.7520693065574973,2.7284327829098602,0.8653308795173706,4.134651048683674
Josh Giddey,CHI,visitor,5.526551517190957,5.847394041852952,1.3821847981784636,7.328892290643641,12.541797456969055,12.395478535071176,3.3064659702062116,18.103419003733215,4.796334441082878,4.75877468127052,1.2030208127738529,7.047107056583334
Julian Phillips,CHI,visitor,1.0825100110765844,1.0334472130599952,0.34479458983687755,1.7670220149711784,5.293908595459081,5.514392144694506,1.7656796110012634,8.057999897145356,2.447875202449005,2.2598584475793784,0.672652769260232,3.6317801584777296
Lonzo Ball,CHI,visitor,1.851024659519249,1.8561922828546071,0.4575813679931266,2.5732276608619142,6.531086082043441,6.659500731950881,1.6579766616869145,9.28729467392469,2.933661948864531,3.0197894684096473,0.6452168154925482,3.892752271761638
Matas Buzelis,CHI,visitor,1.6550168717855396,1.6592247180644086,0.5856027356872869,2.664756115394764,7.885220339538469,7.798625709163028,2.578910391931389,12.555372924961071,3.2965165389659243,3.266257435879103,0.8801493555725866,4.987800759621542
Nikola Vucevic,CHI,visitor,4.0833114245544175,4.22632507522963,0.6674402077271987,4.960895097382151,18.432143749530777,18.34916673915465,3.4870361043536,25.449627230928883,6.586855793334018,6.822749219703163,1.087763842933702,7.87471669301366
Patrick Williams,CHI,visitor,2.3858173279698764,2.207407439758083,0.8538581124356383,4.1652255308383825,10.446153819617242,9.890309660549091,3.427808882406502,16.68045124848419,4.054402490759579,4.125388787511138,0.8327806949765219,5.5384935905374455
Talen Horton-Tucker,CHI,visitor,1.484525013544676,1.3801266481778849,0.5167135790603626,2.476506062580805,8.567781821102315,9.116402873262608,2.2743345256975545,11.682641916724748,3.103970613657829,3.015344990190625,0.7840739435557151,4.543612278497791
Torrey Craig,CHI,visitor,1.251146114069219,1.1136127378763832,0.5476992255935577,2.3682366721963484,6.0593229054969475,5.844494594785653,2.1963384454804173,10.380295466023515,2.618474724196418,2.5794165503302544,0.7804341809506864,3.879114274801374
Zach LaVine,CHI,visitor,4.220204059086089,4.525922672101498,0.6867974602285007,4.808044431622147,18.673496042345494,18.633549666983537,2.889651675808497,22.96167001461081,4.926409725559029,4.861525072475164,0.6568128073596335,5.978196034000941
Brandon Miller,CHA,home,3.11750053442161,3.3710500966859445,0.9183862006970063,4.418485906668224,15.708893504703047,14.742303791178962,5.822189281997706,26.718358939908306,4.772044439729123,4.868317448701461,1.1466536517499213,6.4207347566335
Charlie Brown Jr.,CHA,home,1.1601926146272517,1.0576059869104169,0.38876028217115755,1.790062912468707,5.850850681655249,5.761011431700895,1.7709543686257194,9.350760520937245,2.7830210276082634,2.7506659686307287,0.6933612834196351,3.8298706703045386
Cody Martin,CHA,home,2.169681565572964,2.1422433138394124,0.6118759505946636,3.514905349497936,9.903551899654543,9.678955206367611,2.526033580131424,14.09678490086431,3.9448555524370166,3.807042584557516,0.8997709628466052,5.56825015709516
DaQuan Jeffries,CHA,home,1.2958538938493893,1.1940573977986784,0.41930209703078525,2.095027819978621,6.017164634937417,5.86196260226056,2.034261725224271,9.565186975416703,2.5210297828766493,2.432549559520841,0.6853295923888947,3.726879353489092
Grant Williams,CHA,home,2.4909953575564736,2.5015084680779367,0.8169629602158338,3.992089402946625,11.769613552723168,10.775012112212178,4.285125594905043,19.627077731177515,4.201613813411554,4.163257946694549,1.0063296309308862,5.759567548513051
Isaiah Wong,CHA,home,1.3258442283467762,1.2907092922747931,0.3655488509651242,1.871231754344238,5.893212792829063,5.952085932441599,1.800363704392091,9.285155811393043,2.6867596321241805,2.6497167715956946,0.6699962361890196,3.787952945569362
Josh Green,CHA,home,2.2616009720425034,2.167727981582952,0.6856605592575421,3.632189720454807,10.227549922121977,9.593025468031277,3.3577747336146007,16.332128468646804,3.7556896985545443,3.5882468312337226,0.8956593420886135,5.45958001271576
K.J. Simpson,CHA,home,1.2155813999800378,1.0844698130857373,0.5042313672071396,2.2676973510914946,5.229772731706209,5.038909562191223,2.0601559530115656,9.133205937295871,2.3921395832048926,2.26248244711395,0.7278411594027777,3.6996769607138495
Keyontae Johnson,CHA,home,1.0884174343964919,0.8999501613030187,0.3990477867870235,1.9731607266083797,5.026443356776545,4.521763529041918,2.1290181339519574,9.071053966316045,2.2306006068967097,2.180092199064284,0.6609866838440186,3.4970807876956354
LaMelo Ball,CHA,home,4.619658972558395,5.29236637712045,1.5196929567199642,6.688514993621413,20.008727539019493,20.4576041731481,6.498239224919173,32.342874278684505,5.504494567314061,5.528654628502665,1.2105481184884048,7.371799436323287
Mark Williams,CHA,home,1.9901001907945652,1.9288226677548577,0.774640723362741,3.456287095739176,9.854197699914796,9.940313108288116,2.907698155547793,14.698894068876704,4.746286836551142,4.441873388849412,1.4023616019631233,7.569850258768037
Miles Bridges,CHA,home,2.8309436056646144,2.668080567309581,0.8195914137974699,4.176167117944501,13.37943396540884,12.092998742816848,4.2452218254788265,20.67454644040202,5.143284194012145,5.357063959921389,0.9705087728929818,6.618813648534632
Moussa Diabate,CHA,home,1.6260637927350277,1.5338438373794632,0.7727423092296646,2.889334545168881,7.489111281153366,7.1735465616892276,2.9945624073657724,12.270712278841746,4.555127761788145,4.443174258956901,1.8912682395231477,8.19305688364675
Nick Jr. Smith,CHA,home,1.1221178236883729,0.9476235564680067,0.4108059217290554,1.9811059114866905,5.625868866936609,5.103758126240116,1.9690222384162324,9.60631630050353,2.4325192846444184,2.269929711908493,0.7776291889353829,3.8729123461592
Nick Richards,CHA,home,2.1807681933550622,2.1110456459092664,0.874148582962309,3.864121027829569,10.519335530702064,10.160612568420136,4.1113478303101285,18.181132464904184,4.789022661634065,4.787056296257239,1.1808661919757835,6.658013391329692
Seth Curry,CHA,home,1.5670720883024336,1.4651413796778798,0.7142071243393057,2.74550867834735,7.603619970714853,7.104887810635187,3.2089309002945776,13.126867124238418,3.0883294971600264,3.034470582967421,1.0476657632755595,5.078039722468886
Taj Gibson,CHA,home,1.0051492190011229,0.9307856800206161,0.2529544764066328,1.5717048922672894,4.802553435319417,4.688437603848641,1.4163011660739655,7.016752273290474,2.5402653910354167,2.5361520363963272,0.6214371489320663,3.4176970836468974
Tidjane Salaun,CHA,home,1.5670828343434655,1.4317449343495912,0.6196715390503653,2.6423077474222985,7.358643784320751,7.284362728783797,2.929164083048837,11.901336292431388,3.6559533629762795,3.234583224812008,1.5668200080930241,6.570736536906246
Tre Mann,CHA,home,1.889577977907632,1.870599588696573,0.5892345323931042,2.79006362671299,9.269035227436373,9.37685692481418,2.6030185632110157,13.390250714733295,3.4235139827405936,3.41018470448573,0.9525993978333441,5.174240827979374
Vasilije Micic,CHA,home,1.8374657091195863,1.609712964351964,1.0475026295339234,4.158168433177471,7.008494662366079,6.405404155966174,3.2668082083135617,13.249908131946617,2.8971051878754635,2.875516193523973,0.9991712587123251,4.6804191321149675
Brandon Williams,DAL,visitor,1.147738300576104,1.2015045560026314,0.25792120502266463,1.5203532288771413,4.992642164969262,5.024718816894168,1.0852348695411613,6.91168002456188,2.093313346100238,2.052059841809769,0.3741295562620068,2.834909612428907
Daniel Gafford,DAL,visitor,2.155152729668077,2.0027626062654926,0.6086654286733431,3.095305118037023,10.410319504701532,10.553163060430794,2.7262222884455234,14.504904811221069,4.721751922293951,4.64034694382668,1.2482886904435113,7.259988544743866
Dereck II Lively,DAL,visitor,2.4349790353435674,2.4998249606776506,0.7342862292726905,3.8622026752047276,11.576364394779622,11.224913572969113,3.2451278636985554,17.046393802739924,5.020489607970856,5.298796700694623,1.0895033520096136,6.761856370060609
Dwight Powell,DAL,visitor,1.4333060359264487,1.3836392083741953,0.4365943601809609,2.2907671562493372,6.531027998223107,6.353744860350552,2.3112532778175,10.863551983336912,3.2066334751838594,3.1731985647820364,0.8591876729512067,4.817583195857293
Jaden Hardy,DAL,visitor,1.4880988153987305,1.5004408608720343,0.4062547922526466,2.1811265031420355,6.848941188664126,6.468190845476796,2.145018220380533,10.877647098822287,2.6728396436645743,2.521282259785335,0.7182059328004323,3.9967691760513215
Jamarion Sharp,DAL,visitor,0.9990896882532367,0.9186151711582353,0.24167712399708352,1.4369808583550412,4.719232938514678,4.288690830461175,1.6011842762544426,7.372143981842621,2.6057231065365967,2.6976900495377834,0.7058589113535512,3.9153784437919446
Jazian Gortman,DAL,visitor,1.561809755267991,1.4220583546223193,0.6338229361254676,2.707234593284123,7.008343161266647,6.359020569450459,3.5246877377362864,13.961088158570849,2.891883940648354,2.707781877783277,1.075995617576224,4.939979316377595
Klay Thompson,DAL,visitor,2.27496814162567,2.1725256585080346,0.6633617509142983,3.6275579239979487,11.484792044611813,11.708715394089289,3.510118552895533,16.743738353909585,3.8170341242195382,3.689186076517737,0.8642556818049313,5.325743266066026
Kyrie Irving,DAL,visitor,3.861812299763953,3.9130072296471683,0.8745122071966573,5.247113638016095,19.508952904390213,18.561379520493986,5.2213917041968205,29.56294848466199,5.5788238024598975,5.596596870040174,1.0026763992476635,7.173029135784214
Luka Doncic,DAL,visitor,4.761047507270539,4.73986170613272,1.181190315356908,6.769531597757907,22.547242012277472,21.708086231517246,5.915943398609873,31.986161461766375,6.530540264681079,6.537114873722006,0.993702755753619,7.968400063920368
Maxi Kleber,DAL,visitor,1.3755859607102416,1.3270865950066364,0.4651967436459188,2.247182872150377,5.9686140151802904,5.865005673242875,2.434390079546077,10.708836782488627,2.631807747817812,2.427173250991773,0.8180595945474901,4.110323286533039
Naji Marshall,DAL,visitor,1.9387790886214802,1.8510539902496,0.5868893796871296,2.7504611269304484,9.90506279459879,8.678187864345434,4.18389752406013,16.824818950977672,3.526809456897774,3.5775128146629216,0.862393335853864,4.903238914569079
OlivierMaxence Prosper,DAL,visitor,1.3894496773771738,1.247998474283853,0.6779965117843199,2.752351984913663,6.496476332816874,5.610692980473387,3.3323816224302125,13.111496908976886,3.0712022441052786,2.723646855594075,1.4160331793742935,5.7313972516463805
P.J. Washington,DAL,visitor,2.987814565812032,2.7498268143869726,0.9039365048080803,4.492572606880927,14.735913499324967,14.840033537812365,4.316807103777207,22.396071217575937,5.714700734555541,5.841063129305809,1.4042706937652272,7.706111376408355
Quentin Grimes,DAL,visitor,2.0868411599264336,2.0033812238983857,0.7633282618299962,3.681811777892729,10.044747237031435,8.948953000509693,3.9994209796192006,17.137261694371436,4.004603426513779,4.025354615959802,1.058620603463374,5.532038105414464
Spencer Dinwiddie,DAL,visitor,1.9003987696714477,1.7530806455515306,0.6767328776040793,3.019287755392656,8.075842535860318,7.5408510702089515,3.5098333755843596,14.25875957038631,3.151225182338504,3.073220328405311,1.03333131297593,5.02207483273827
Brice Sensabaugh,UTA,home,1.380548755554376,1.2506148578499487,0.4688414929005018,2.378470127877345,6.807420017347849,6.718610871777432,2.4344389113805436,11.234138409043616,2.839982698094825,2.742636467584691,0.8585367581875546,4.401910851428042
Cody Williams,UTA,home,1.6204078135516797,1.498462403168185,0.5624951024771181,2.648903604367824,7.597297755364061,6.950654653391295,3.06946878281673,12.66217571794098,3.0605398497557337,3.1329793085145736,0.763460213914032,4.282810070248102
Collin Sexton,UTA,home,3.064824341289185,3.1414307479148085,0.6974787553825782,4.061933060395889,13.686391868362934,13.375424804885396,3.627975311720043,20.11130441380547,4.309075147394401,4.187690239915001,0.7759825941531977,5.759736723836499
Drew Eubanks,UTA,home,1.4477116693689445,1.3909038045049806,0.42599008820392165,2.123123528249783,6.786309170481248,6.5256427922842795,2.218547898119649,10.732870837771113,3.5199662627213764,3.4109226401726893,0.9158838889957979,5.107244180567428
Isaiah Collier,UTA,home,2.405977527257763,2.1761562894641333,0.7634094986396104,3.8837722746803447,5.6990804172470195,5.4220737216580535,2.564783797887304,10.469917816878839,2.6080143379717966,2.478700744416897,0.8250353861773204,4.011667805337481
John Collins,UTA,home,3.015025026328186,2.772300018326866,0.879731774772956,4.358789769358787,15.271500308509676,14.551951586574145,4.9267856921148985,24.0606513392943,5.647466390043799,5.751038106429068,1.2808734762306369,7.638837332924889
Johnny Juzang,UTA,home,1.3422171408863064,1.2525747312228135,0.44061396004900466,2.08154804945464,5.969529387948975,5.731582438507997,2.339318181475917,10.29864307277941,2.9788918130325985,2.8874221486132283,0.8397693754187744,4.304296654140146
Jordan Clarkson,UTA,home,2.6417522878741435,2.5542775687479216,0.5769794332104906,3.9439768799699073,12.21705694885249,11.898499713442586,3.2999580723631547,18.372523436294678,4.270807408370252,4.141324894846722,0.8075832077164586,5.6292460580667125
Keyonte George,UTA,home,4.8146278873755,4.985429294266374,0.8486753125720912,5.822149340564845,13.914272450288943,13.107163421507916,3.111788761521136,19.551508497439077,4.2285790124008855,4.073718298105559,0.6906613264922986,5.426708644968077
Kyle Filipowski,UTA,home,1.6673396352226368,1.5938820399224196,0.6560646246613483,2.7815448526560886,7.624797856168223,7.119949556532479,3.07406441971096,13.490192444550882,3.527898478739892,3.5039163659841988,1.0324202916883736,5.299099925186544
Lauri Markkanen,UTA,home,3.142232060659968,3.0390269856649588,0.7033028483353039,4.1693447873336416,16.372739895628953,16.65717923480899,4.0909521809259575,22.83719825263311,5.377066296216196,5.341349053544882,0.9680959956022516,7.0176454608928704
Micah Potter,UTA,home,1.452696889719215,1.247991417174684,0.6110042791359149,2.6713649052471737,6.548015317798351,6.044993569783581,3.521393685666716,13.339652506797115,2.876322831612133,2.7498378974210187,1.158121020628867,5.128974551275521
Patty Mills,UTA,home,1.0533691179003386,1.006169306940779,0.21347519434251458,1.5111791235009777,4.205410017457915,4.041115309743112,1.26908677237386,6.642682726350236,2.1690916838962613,2.1354547611283414,0.4990067614447134,3.179927530665183
Svi Mykhailiuk,UTA,home,1.5597040069764525,1.4460201959460255,0.5731589738686808,2.633911797413545,8.205220820083522,8.26761266471452,3.3923170959917495,13.167620062039763,3.0315054189067534,2.840434689778158,1.0297501650431673,4.956834352539709
Taylor Hendricks,UTA,home,2.052267945822207,2.0777098511433647,0.6245624072821926,3.3386376252550334,9.522768140758977,9.030477113869166,3.353897428204068,15.85775052194825,3.6970816038455205,3.7537625319663404,0.726070394479,4.980304063505071
Walker Kessler,UTA,home,3.1522711404790176,2.941625256075014,0.7332045421323694,4.218949556595326,15.072853235251984,14.604451636789534,3.8668064686478596,22.51278779947566,6.775904336774763,6.701917643026776,1.3321312680575697,8.639817268345206
Caris LeVert,CLE,visitor,2.504266468750856,2.5185698386772435,0.44774804943522806,3.097053767716311,10.246800745334468,10.063713018352544,2.441073311764347,14.74940442959009,3.7728568340964586,3.696043319022163,0.6945097456903438,4.948993795190309
Craig Jr. Porter,CLE,visitor,1.8590296119864933,1.7447147920616057,0.7824297903722462,3.518815160899689,7.376569444880973,6.43143010952112,3.827851922857777,14.660992497477443,2.9731153213734896,2.8435936236235397,1.0835508337787876,4.795022973507393
Darius Garland,CLE,visitor,4.122254493684724,4.30576340104675,0.5984113065364872,4.873283142155568,16.636750535079468,17.155638533067965,3.044712264341906,20.867108701543295,4.490038044889693,4.678585523096092,0.7242743981740393,5.6284942313010955
Dean Wade,CLE,visitor,1.8409887899548094,1.7949074096099438,0.49325387290560024,2.6336050954704606,8.268421633758,7.860774434935109,2.3997381756918355,12.425955787773773,3.490110825767311,3.472792237206506,0.5841771383566791,4.56616579149308
Donovan Mitchell,CLE,visitor,3.604410723617746,3.7221307211961223,0.6856984361256758,4.700758909878726,18.28482879557622,19.134482324250754,4.075777759862832,25.20249292444799,5.17379357664057,5.143761918710314,0.9983628700240241,6.906765875426168
Evan Mobley,CLE,visitor,3.5965775901457167,3.733104908637814,0.8395411074170375,4.959315382719067,17.54447255876533,17.083102410830595,4.587454757824672,26.27632030445485,6.1079787348084045,6.048823116407085,1.2077629217818422,8.384223215351641
Georges Niang,CLE,visitor,1.5431503683636958,1.4860804475424736,0.4349607049751529,2.3517799577103276,7.2885452637377455,6.937434373513172,2.077886565943997,11.27007401276168,3.0590712241807685,3.057108343593606,0.6170330448915156,4.0283713999320305
Isaac Okoro,CLE,visitor,1.6177977493374573,1.535260376520987,0.5505933076332429,2.647214137025154,7.2921300481373565,6.952756290800966,2.4741843618123367,11.855615973513563,2.973215723980117,2.9166648087043607,0.7516803677992918,4.158116414631773
JT Thor,CLE,visitor,0.9565690423083231,0.9202320816375598,0.18167888019791448,1.32589110902666,4.960617076825381,4.278061866088969,1.5992531618518915,7.148479733239715,2.5986432212676207,2.71378589194976,0.5918267261347746,3.812464684912372
Jarrett Allen,CLE,visitor,3.1197154712597337,3.1154000904277463,0.7000381002712466,4.323531887548799,15.013825970363628,14.725241031072658,3.862512309409688,21.100946046774705,6.8819994845552905,6.8092871265529356,1.7788897747534849,10.267998896800508
Jaylon Tyson,CLE,visitor,1.3226344287526255,1.0364720606408142,0.6377693019743333,2.6567507458044473,6.2479276871736324,5.705172435517266,3.0009585716732383,12.329742388657843,2.826980235557461,2.831748365754322,0.9573850576762472,4.65723000721526
Luke Travers,CLE,visitor,1.8034948464268818,1.7001791303294722,0.8906237631492269,3.493750021779783,8.116819349199021,7.274717062303043,4.548729972721379,16.892221327189468,3.1332590590139384,3.099484496218027,1.0294615527890811,4.893371862932077
Max Strus,CLE,visitor,1.6180451056437801,1.6405748979470134,0.31737145428977764,2.1444499856012316,7.127027406340412,6.952765176833729,1.1685419632490224,9.240484802904865,3.0227736382235806,3.040476174126872,0.47514616244077734,3.732535090217587
Sam Merrill,CLE,visitor,1.4223881847635702,1.3512631799795491,0.283916263610762,1.9076110968007156,6.70845023490528,6.511464062015866,1.2017205931779795,9.03474066578784,2.6105661795946506,2.4557633149224856,0.44015241922560355,3.451166948885647
Tristan Thompson,CLE,visitor,1.4772567747109988,1.328476627359316,0.6038823323573215,2.684035363649406,6.948458145767693,6.5368990922192305,2.7901969113406757,12.092986991115984,3.305852582058209,3.0883546324158218,0.919858689566603,5.025330309715024
Ty Jerome,CLE,visitor,2.2278413513562745,2.3128312551116457,0.7897684172137034,3.3218192269980173,9.835250868669533,8.848544695135057,4.122665186610386,17.937267283427175,3.6363189659383894,3.5559448522852963,1.0704757856465024,5.438527917173419
